SUB	whole-first-rel-pitch-none	motif	1	true
TR	rel-pitch-none-to-none	1	true	n1 n2	(and (duration>= (duration n1) 1) (not (rest? n1)) (= (note-category n1) X) (= (relative-pitch n1) none) (duration>= (duration n2) 1) (not (rest? n2)) (= (note-category n2) X) (= (relative-pitch n2) none) (pitch>= n1 n2))	(multiply-duration 0.125 (transpose-chromatic 2.0 n1))	(multiply-duration 0.125 (transpose-chromatic 1.5 n1))	(multiply-duration 0.125 (transpose-chromatic 1.0 n1))	(multiply-duration 0.125 (transpose-chromatic 0.0 n1))	(multiply-duration 0.041666666666666664 (transpose-chromatic 1.5 n1))	(multiply-duration 0.041666666666666664 (transpose-chromatic 2.0 n1))	(multiply-duration 0.041666666666666664 (transpose-chromatic 1.5 n1))	(multiply-duration 0.125 (transpose-chromatic 0.5 n1))	(multiply-duration 0.125 (transpose-chromatic -3.5 n1))	(multiply-duration 0.125 (transpose-chromatic -2.0 n1))	(multiply-duration 0.125 (transpose-chromatic 2.0 n2))	(multiply-duration 0.125 (transpose-chromatic 1.5 n2))	(multiply-duration 0.125 (transpose-chromatic 1.0 n2))	(multiply-duration 0.125 (transpose-chromatic 0.5 n2))	(multiply-duration 0.041666666666666664 (transpose-chromatic -0.5 n2))	(multiply-duration 0.041666666666666664 (transpose-chromatic 0.5 n2))	(multiply-duration 0.041666666666666664 (transpose-chromatic -0.5 n2))	(multiply-duration 0.125 (transpose-chromatic -2.0 n2))	(multiply-duration 0.25 (transpose-chromatic -2.5 n2))
TR	rel-pitch-none-to-none	1	true	n1 n2	(and (duration>= (duration n1) 1) (not (rest? n1)) (= (note-category n1) X) (= (relative-pitch n1) none) (duration>= (duration n2) 1) (not (rest? n2)) (= (note-category n2) X) (= (relative-pitch n2) none) (pitch>= n1 n2))	(multiply-duration 0.125 (make-rest n1))	(multiply-duration 0.125 (transpose-chromatic 0.0 n1))	(multiply-duration 0.125 (transpose-chromatic 2.5 n1))	(multiply-duration 0.125 (transpose-chromatic 1.5 n1))	(multiply-duration 0.125 (transpose-chromatic 1.0 n1))	(multiply-duration 0.125 (transpose-chromatic 0.0 n1))	(multiply-duration 0.125 (transpose-chromatic -1.0 n1))	(multiply-duration 0.125 (transpose-chromatic -1.5 n1))	(multiply-duration 0.125 (transpose-chromatic 2.5 n2))	(multiply-duration 0.125 (transpose-chromatic 1.0 n2))	(multiply-duration 0.125 (transpose-chromatic 1.5 n2))	(multiply-duration 0.125 (transpose-chromatic 2.5 n2))	(multiply-duration 0.125 (transpose-chromatic 1.0 n2))	(multiply-duration 0.125 (transpose-chromatic -1.0 n2))	(multiply-duration 0.125 (transpose-chromatic -2.5 n2))	(multiply-duration 0.125 (transpose-chromatic -3.0 n2))
TR	rel-pitch-none	1	true	n1	(and (duration>= (duration n1) 1) (not (rest? n1)) (= (note-category n1) X) (= (relative-pitch n1) none))	(multiply-duration 0.125 (transpose-chromatic 2.0 n1))	(multiply-duration 0.125 (transpose-chromatic 1.5 n1))	(multiply-duration 0.125 (transpose-chromatic 1.0 n1))	(multiply-duration 0.125 (transpose-chromatic 0.5 n1))	(multiply-duration 0.041666666666666664 (transpose-chromatic -0.5 n1))	(multiply-duration 0.041666666666666664 (transpose-chromatic 0.5 n1))	(multiply-duration 0.041666666666666664 (transpose-chromatic -0.5 n1))	(multiply-duration 0.125 (transpose-chromatic -2.0 n1))	(multiply-duration 0.25 (transpose-chromatic -2.5 n1))
TR	rel-pitch-none	1	true	n1	(and (duration>= (duration n1) 1) (not (rest? n1)) (= (note-category n1) X) (= (relative-pitch n1) none))	(multiply-duration 0.125 (transpose-chromatic 2.0 n1))	(multiply-duration 0.125 (transpose-chromatic 1.5 n1))	(multiply-duration 0.125 (transpose-chromatic 1.0 n1))	(multiply-duration 0.125 (transpose-chromatic 0.0 n1))	(multiply-duration 0.041666666666666664 (transpose-chromatic 1.5 n1))	(multiply-duration 0.041666666666666664 (transpose-chromatic 2.0 n1))	(multiply-duration 0.041666666666666664 (transpose-chromatic 1.5 n1))	(multiply-duration 0.125 (transpose-chromatic 0.5 n1))	(multiply-duration 0.125 (transpose-chromatic -3.5 n1))	(multiply-duration 0.125 (transpose-chromatic -2.0 n1))
TR	rel-pitch-none	1	true	n1	(and (duration>= (duration n1) 1) (not (rest? n1)) (= (note-category n1) X) (= (relative-pitch n1) none))	(multiply-duration 0.125 (transpose-chromatic 2.5 n1))	(multiply-duration 0.125 (transpose-chromatic 1.0 n1))	(multiply-duration 0.125 (transpose-chromatic 1.5 n1))	(multiply-duration 0.125 (transpose-chromatic 2.5 n1))	(multiply-duration 0.125 (transpose-chromatic 1.0 n1))	(multiply-duration 0.125 (transpose-chromatic -1.0 n1))	(multiply-duration 0.125 (transpose-chromatic -2.5 n1))	(multiply-duration 0.125 (transpose-chromatic -3.0 n1))
TR	rel-pitch-none	1	true	n1	(and (duration>= (duration n1) 1) (not (rest? n1)) (= (note-category n1) X) (= (relative-pitch n1) none))	(multiply-duration 0.125 (make-rest n1))	(multiply-duration 0.125 (transpose-chromatic 0.0 n1))	(multiply-duration 0.125 (transpose-chromatic 2.5 n1))	(multiply-duration 0.125 (transpose-chromatic 1.5 n1))	(multiply-duration 0.125 (transpose-chromatic 1.0 n1))	(multiply-duration 0.125 (transpose-chromatic 0.0 n1))	(multiply-duration 0.125 (transpose-chromatic -1.0 n1))	(multiply-duration 0.125 (transpose-chromatic -1.5 n1))
SUB	whole-first-rel-pitch-5	motif	1	true
TR	rel-pitch-5-to-7	1	true	n1 n2	(and (duration>= (duration n1) 1) (not (rest? n1)) (= (note-category n1) C) (= (relative-pitch n1) 5) (duration>= (duration n2) 1) (not (rest? n2)) (= (note-category n2) C) (= (relative-pitch n2) 7) (pitch>= n1 n2))	(multiply-duration 0.125 (transpose-diatonic 6 n1))	(multiply-duration 0.125 (transpose-diatonic 5 n1))	(multiply-duration 0.125 (transpose-diatonic 4 n1))	(multiply-duration 0.125 (transpose-diatonic 3 n1))	(multiply-duration 0.125 (transpose-diatonic 2 n1))	(multiply-duration 0.125 (transpose-diatonic -4 n1))	(multiply-duration 0.125 (transpose-diatonic -2 n1))	(multiply-duration 0.125 (transpose-diatonic b1 n1))	(multiply-duration 0.25 (transpose-diatonic b3 n2))	(multiply-duration 0.25 (transpose-diatonic 2 n2))	(multiply-duration 0.25 (make-rest n2))	(multiply-duration 0.125 (transpose-diatonic -4 n2))	(multiply-duration 0.125 (transpose-diatonic -2 n2))
TR	rel-pitch-5-to-7	1	true	n1 n2	(and (duration>= (duration n1) 1) (not (rest? n1)) (= (note-category n1) C) (= (relative-pitch n1) 5) (duration>= (duration n2) 1) (not (rest? n2)) (= (note-category n2) C) (= (relative-pitch n2) 7) (pitch< n1 n2))	(multiply-duration 0.75 (make-rest n1))	(multiply-duration 0.25 (transpose-diatonic 1 n1))	(multiply-duration 0.125 (transpose-diatonic 2 n2))	(multiply-duration 0.125 (transpose-diatonic 1 n2))	(multiply-duration 0.125 (make-rest n2))	(multiply-duration 0.125 (transpose-diatonic 3 n2))	(multiply-duration 0.25 (transpose-diatonic 2 n2))	(multiply-duration 0.125 (transpose-diatonic 1 n2))	(multiply-duration 0.125 (transpose-diatonic -1 n2))
TR	rel-pitch-5-to-5	1	true	n1 n2	(and (duration>= (duration n1) 1) (not (rest? n1)) (= (note-category n1) C) (= (relative-pitch n1) 5) (duration>= (duration n2) 1) (not (rest? n2)) (= (note-category n2) C) (= (relative-pitch n2) 5) (pitch>= n1 n2))	(multiply-duration 0.125 (transpose-diatonic -3 n1))	(multiply-duration 0.125 (transpose-diatonic -3 n1))	(multiply-duration 0.125 (transpose-diatonic -4 n1))	(multiply-duration 0.125 (transpose-diatonic 1 n1))	(multiply-duration 0.125 (transpose-diatonic 3 n1))	(multiply-duration 0.125 (transpose-diatonic 5 n1))	(multiply-duration 0.125 (transpose-diatonic b5 n1))	(multiply-duration 0.125 (transpose-diatonic 3 n1))	(multiply-duration 0.125 (transpose-diatonic 4 n2))	(multiply-duration 0.125 (transpose-diatonic 1 n2))	(multiply-duration 0.125 (transpose-diatonic -2 n2))	(multiply-duration 0.125 (transpose-diatonic -1 n2))	(multiply-duration 0.125 (transpose-diatonic 1 n2))	(multiply-duration 0.125 (transpose-diatonic -2 n2))	(multiply-duration 0.125 (transpose-diatonic -1 n2))	(multiply-duration 0.125 (transpose-diatonic 1 n2))
TR	rel-pitch-5	1	true	n1	(and (duration>= (duration n1) 1) (not (rest? n1)) (= (note-category n1) C) (= (relative-pitch n1) 5))	(multiply-duration 0.125 (transpose-diatonic b2 n1))	(multiply-duration 0.125 (transpose-diatonic #3 n1))	(multiply-duration 0.25 (transpose-diatonic 1 n1))	(multiply-duration 0.5 (make-rest n1))
TR	rel-pitch-5	1	true	n1	(and (duration>= (duration n1) 1) (not (rest? n1)) (= (note-category n1) C) (= (relative-pitch n1) 5))	(multiply-duration 0.125 (transpose-diatonic 6 n1))	(multiply-duration 0.125 (transpose-diatonic 5 n1))	(multiply-duration 0.125 (transpose-diatonic 4 n1))	(multiply-duration 0.125 (transpose-diatonic 3 n1))	(multiply-duration 0.125 (transpose-diatonic 2 n1))	(multiply-duration 0.125 (transpose-diatonic -4 n1))	(multiply-duration 0.125 (transpose-diatonic -2 n1))	(multiply-duration 0.125 (transpose-diatonic b1 n1))
TR	rel-pitch-5	1	true	n1	(and (duration>= (duration n1) 1) (not (rest? n1)) (= (note-category n1) C) (= (relative-pitch n1) 5))	(multiply-duration 0.75 (make-rest n1))	(multiply-duration 0.25 (transpose-diatonic 1 n1))
TR	rel-pitch-5	1	true	n1	(and (duration>= (duration n1) 1) (not (rest? n1)) (= (note-category n1) C) (= (relative-pitch n1) 5))	(multiply-duration 0.125 (transpose-diatonic 4 n1))	(multiply-duration 0.125 (transpose-diatonic 1 n1))	(multiply-duration 0.125 (transpose-diatonic -2 n1))	(multiply-duration 0.125 (transpose-diatonic -1 n1))	(multiply-duration 0.125 (transpose-diatonic 1 n1))	(multiply-duration 0.125 (transpose-diatonic -2 n1))	(multiply-duration 0.125 (transpose-diatonic -1 n1))	(multiply-duration 0.125 (transpose-diatonic 1 n1))
TR	rel-pitch-5	1	true	n1	(and (duration>= (duration n1) 1) (not (rest? n1)) (= (note-category n1) C) (= (relative-pitch n1) 5))	(multiply-duration 0.125 (transpose-diatonic -3 n1))	(multiply-duration 0.125 (transpose-diatonic -3 n1))	(multiply-duration 0.125 (transpose-diatonic -4 n1))	(multiply-duration 0.125 (transpose-diatonic 1 n1))	(multiply-duration 0.125 (transpose-diatonic 3 n1))	(multiply-duration 0.125 (transpose-diatonic 5 n1))	(multiply-duration 0.125 (transpose-diatonic b5 n1))	(multiply-duration 0.125 (transpose-diatonic 3 n1))
SUB	whole-first-rel-pitch-1	motif	1	true
TR	rel-pitch-1-to-1	1	true	n1 n2	(and (duration>= (duration n1) 1) (not (rest? n1)) (= (note-category n1) C) (= (relative-pitch n1) 1) (duration>= (duration n2) 1) (not (rest? n2)) (= (note-category n2) C) (= (relative-pitch n2) 1) (pitch< n1 n2))	(multiply-duration 0.0625 (transpose-diatonic 3 n1))	(multiply-duration 0.0625 (transpose-diatonic 4 n1))	(multiply-duration 0.0625 (transpose-diatonic 3 n1))	(multiply-duration 0.0625 (transpose-diatonic b2 n1))	(multiply-duration 0.125 (transpose-diatonic 1 n1))	(multiply-duration 0.125 (transpose-diatonic -1 n1))	(multiply-duration 0.125 (transpose-diatonic -2 n1))	(multiply-duration 0.125 (transpose-diatonic 1 n1))	(multiply-duration 0.125 (transpose-diatonic 3 n1))	(multiply-duration 0.125 (transpose-diatonic b5 n1))	(multiply-duration 0.125 (make-rest n2))	(multiply-duration 0.125 (transpose-diatonic 1 n2))	(multiply-duration 0.75 (make-rest n2))
TR	rel-pitch-1	1	true	n1	(and (duration>= (duration n1) 1) (not (rest? n1)) (= (note-category n1) C) (= (relative-pitch n1) 1))	(multiply-duration 0.125 (transpose-diatonic 4 n1))	(multiply-duration 0.125 (transpose-diatonic b3 n1))	(multiply-duration 0.125 (transpose-diatonic 3 n1))	(multiply-duration 0.125 (transpose-diatonic 2 n1))	(multiply-duration 0.125 (transpose-diatonic 1 n1))	(multiply-duration 0.125 (transpose-diatonic -2 n1))	(multiply-duration 0.125 (transpose-diatonic -1 n1))	(multiply-duration 0.125 (transpose-diatonic 1 n1))
TR	rel-pitch-1	1	true	n1	(and (duration>= (duration n1) 1) (not (rest? n1)) (= (note-category n1) C) (= (relative-pitch n1) 1))	(multiply-duration 0.125 (make-rest n1))	(multiply-duration 0.125 (transpose-diatonic 1 n1))	(multiply-duration 0.75 (make-rest n1))
TR	rel-pitch-1	1	true	n1	(and (duration>= (duration n1) 1) (not (rest? n1)) (= (note-category n1) C) (= (relative-pitch n1) 1))	(multiply-duration 0.0625 (transpose-diatonic 3 n1))	(multiply-duration 0.0625 (transpose-diatonic 4 n1))	(multiply-duration 0.0625 (transpose-diatonic 3 n1))	(multiply-duration 0.0625 (transpose-diatonic b2 n1))	(multiply-duration 0.125 (transpose-diatonic 1 n1))	(multiply-duration 0.125 (transpose-diatonic -1 n1))	(multiply-duration 0.125 (transpose-diatonic -2 n1))	(multiply-duration 0.125 (transpose-diatonic 1 n1))	(multiply-duration 0.125 (transpose-diatonic 3 n1))	(multiply-duration 0.125 (transpose-diatonic b5 n1))
SUB	whole-first-rel-pitch-7	motif	1	true
TR	rel-pitch-7-to-5	1	true	n1 n2	(and (duration>= (duration n1) 1) (not (rest? n1)) (= (note-category n1) C) (= (relative-pitch n1) 7) (duration>= (duration n2) 1) (not (rest? n2)) (= (note-category n2) C) (= (relative-pitch n2) 5) (pitch< n1 n2))	(multiply-duration 0.125 (make-rest n1))	(multiply-duration 0.125 (transpose-diatonic b-1 n1))	(multiply-duration 0.125 (transpose-diatonic -2 n1))	(multiply-duration 0.125 (transpose-diatonic -3 n1))	(multiply-duration 0.125 (transpose-diatonic 1 n1))	(multiply-duration 0.125 (transpose-diatonic -2 n1))	(multiply-duration 0.08333333333333333 (transpose-diatonic b-1 n1))	(multiply-duration 0.08333333333333333 (transpose-diatonic 2 n1))	(multiply-duration 0.08333333333333333 (transpose-diatonic 4 n1))	(multiply-duration 0.125 (transpose-diatonic b2 n2))	(multiply-duration 0.125 (transpose-diatonic #3 n2))	(multiply-duration 0.25 (transpose-diatonic 1 n2))	(multiply-duration 0.5 (make-rest n2))
TR	rel-pitch-7	1	true	n1	(and (duration>= (duration n1) 1) (not (rest? n1)) (= (note-category n1) C) (= (relative-pitch n1) 7))	(multiply-duration 0.125 (make-rest n1))	(multiply-duration 0.125 (transpose-diatonic b-1 n1))	(multiply-duration 0.125 (transpose-diatonic -2 n1))	(multiply-duration 0.125 (transpose-diatonic -3 n1))	(multiply-duration 0.125 (transpose-diatonic 1 n1))	(multiply-duration 0.125 (transpose-diatonic -2 n1))	(multiply-duration 0.08333333333333333 (transpose-diatonic b-1 n1))	(multiply-duration 0.08333333333333333 (transpose-diatonic 2 n1))	(multiply-duration 0.08333333333333333 (transpose-diatonic 4 n1))
TR	rel-pitch-7	1	true	n1	(and (duration>= (duration n1) 1) (not (rest? n1)) (= (note-category n1) C) (= (relative-pitch n1) 7))	(multiply-duration 0.25 (transpose-diatonic b3 n1))	(multiply-duration 0.25 (transpose-diatonic 2 n1))	(multiply-duration 0.25 (make-rest n1))	(multiply-duration 0.125 (transpose-diatonic -4 n1))	(multiply-duration 0.125 (transpose-diatonic -2 n1))
TR	rel-pitch-7	1	true	n1	(and (duration>= (duration n1) 1) (not (rest? n1)) (= (note-category n1) C) (= (relative-pitch n1) 7))	(multiply-duration 0.125 (transpose-diatonic 2 n1))	(multiply-duration 0.125 (transpose-diatonic 1 n1))	(multiply-duration 0.125 (make-rest n1))	(multiply-duration 0.125 (transpose-diatonic 3 n1))	(multiply-duration 0.25 (transpose-diatonic 2 n1))	(multiply-duration 0.125 (transpose-diatonic 1 n1))	(multiply-duration 0.125 (transpose-diatonic -1 n1))
SUB	whole-first-rel-pitch-3	motif	1	true
TR	rel-pitch-3-to-1	1	true	n1 n2	(and (duration>= (duration n1) 1) (not (rest? n1)) (= (note-category n1) C) (= (relative-pitch n1) 3) (duration>= (duration n2) 1) (not (rest? n2)) (= (note-category n2) C) (= (relative-pitch n2) 1) (pitch>= n1 n2))	(multiply-duration 0.125 (make-rest n1))	(multiply-duration 0.0625 (transpose-diatonic 3 n1))	(multiply-duration 0.0625 (transpose-diatonic b3 n1))	(multiply-duration 0.125 (transpose-diatonic 2 n1))	(multiply-duration 0.125 (transpose-diatonic 1 n1))	(multiply-duration 0.125 (make-rest n1))	(multiply-duration 0.125 (transpose-diatonic -1 n1))	(multiply-duration 0.125 (make-rest n1))	(multiply-duration 0.125 (transpose-diatonic -2 n1))	(multiply-duration 0.125 (transpose-diatonic 4 n2))	(multiply-duration 0.125 (transpose-diatonic b3 n2))	(multiply-duration 0.125 (transpose-diatonic 3 n2))	(multiply-duration 0.125 (transpose-diatonic 2 n2))	(multiply-duration 0.125 (transpose-diatonic 1 n2))	(multiply-duration 0.125 (transpose-diatonic -2 n2))	(multiply-duration 0.125 (transpose-diatonic -1 n2))	(multiply-duration 0.125 (transpose-diatonic 1 n2))
TR	rel-pitch-3-to-3	1	true	n1 n2	(and (duration>= (duration n1) 1) (not (rest? n1)) (= (note-category n1) C) (= (relative-pitch n1) 3) (duration>= (duration n2) 1) (not (rest? n2)) (= (note-category n2) C) (= (relative-pitch n2) 3) (pitch>= n1 n2))	(multiply-duration 0.125 (transpose-diatonic #2 n1))	(multiply-duration 0.125 (transpose-diatonic 4 n1))	(multiply-duration 0.08333333333333333 (transpose-diatonic #3 n1))	(multiply-duration 0.08333333333333333 (transpose-diatonic 3 n1))	(multiply-duration 0.20833333333333334 (transpose-diatonic #2 n1))	(multiply-duration 0.125 (transpose-diatonic -1 n1))	(multiply-duration 0.125 (transpose-diatonic -3 n1))	(multiply-duration 0.125 (transpose-diatonic -5 n1))	(multiply-duration 0.25 (transpose-diatonic -1 n2))	(multiply-duration 0.75 (make-rest n2))
TR	rel-pitch-3	1	true	n1	(and (duration>= (duration n1) 1) (not (rest? n1)) (= (note-category n1) C) (= (relative-pitch n1) 3))	(multiply-duration 0.125 (make-rest n1))	(multiply-duration 0.0625 (transpose-diatonic 3 n1))	(multiply-duration 0.0625 (transpose-diatonic b3 n1))	(multiply-duration 0.125 (transpose-diatonic 2 n1))	(multiply-duration 0.125 (transpose-diatonic 1 n1))	(multiply-duration 0.125 (make-rest n1))	(multiply-duration 0.125 (transpose-diatonic -1 n1))	(multiply-duration 0.125 (make-rest n1))	(multiply-duration 0.125 (transpose-diatonic -2 n1))
TR	rel-pitch-3	1	true	n1	(and (duration>= (duration n1) 1) (not (rest? n1)) (= (note-category n1) C) (= (relative-pitch n1) 3))	(multiply-duration 0.25 (transpose-diatonic -1 n1))	(multiply-duration 0.75 (make-rest n1))
TR	rel-pitch-3	1	true	n1	(and (duration>= (duration n1) 1) (not (rest? n1)) (= (note-category n1) C) (= (relative-pitch n1) 3))	(multiply-duration 0.125 (transpose-diatonic #2 n1))	(multiply-duration 0.125 (transpose-diatonic 4 n1))	(multiply-duration 0.08333333333333333 (transpose-diatonic #3 n1))	(multiply-duration 0.08333333333333333 (transpose-diatonic 3 n1))	(multiply-duration 0.20833333333333334 (transpose-diatonic #2 n1))	(multiply-duration 0.125 (transpose-diatonic -1 n1))	(multiply-duration 0.125 (transpose-diatonic -3 n1))	(multiply-duration 0.125 (transpose-diatonic -5 n1))
SUB	whole-first-rel-pitch-rest	motif	1	true
TR	rel-pitch-rest-to-rest	9	true	n1 n2	(and (duration>= (duration n1) 1) (rest? n1) (duration>= (duration n2) 1) (rest? n2))	n1	n2
TR	rel-pitch-rest	18	true	n1	(and (duration>= (duration n1) 1) (rest? n1))	n1
SUB	half-first-rel-pitch-none	motif	1	true
TR	rel-pitch-none-to-none	1	true	n1 n2	(and (duration>= (duration n1) 2) (not (rest? n1)) (= (note-category n1) X) (= (relative-pitch n1) none) (duration>= (duration n2) 2) (not (rest? n2)) (= (note-category n2) X) (= (relative-pitch n2) none) (pitch>= n1 n2))	(multiply-duration 0.25 (transpose-chromatic 1.0 n1))	(multiply-duration 0.25 (transpose-chromatic 0.5 n1))	(multiply-duration 0.25 (transpose-chromatic 0.0 n1))	(multiply-duration 0.25 (transpose-chromatic -0.5 n1))	(multiply-duration 0.08333333333333333 (transpose-chromatic 0.5 n2))	(multiply-duration 0.08333333333333333 (transpose-chromatic 1.5 n2))	(multiply-duration 0.08333333333333333 (transpose-chromatic 0.5 n2))	(multiply-duration 0.25 (transpose-chromatic -1.0 n2))	(multiply-duration 0.5 (transpose-chromatic -1.5 n2))
TR	rel-pitch-none-to-none	1	true	n1 n2	(and (duration>= (duration n1) 2) (not (rest? n1)) (= (note-category n1) X) (= (relative-pitch n1) none) (duration>= (duration n2) 2) (not (rest? n2)) (= (note-category n2) X) (= (relative-pitch n2) none) (pitch>= n1 n2))	(multiply-duration 0.25 (transpose-chromatic 1.0 n1))	(multiply-duration 0.25 (transpose-chromatic 0.5 n1))	(multiply-duration 0.25 (transpose-chromatic 0.0 n1))	(multiply-duration 0.25 (transpose-chromatic -1.0 n1))	(multiply-duration 0.08333333333333333 (transpose-chromatic 1.5 n2))	(multiply-duration 0.08333333333333333 (transpose-chromatic 2.0 n2))	(multiply-duration 0.08333333333333333 (transpose-chromatic 1.5 n2))	(multiply-duration 0.25 (transpose-chromatic 0.5 n2))	(multiply-duration 0.25 (transpose-chromatic -3.5 n2))	(multiply-duration 0.25 (transpose-chromatic -2.0 n2))
TR	rel-pitch-none-to-none	1	true	n1 n2	(and (duration>= (duration n1) 2) (not (rest? n1)) (= (note-category n1) X) (= (relative-pitch n1) none) (duration>= (duration n2) 2) (not (rest? n2)) (= (note-category n2) X) (= (relative-pitch n2) none) (pitch>= n1 n2))	(multiply-duration 0.25 (transpose-chromatic 1.0 n1))	(multiply-duration 0.25 (transpose-chromatic -0.5 n1))	(multiply-duration 0.25 (transpose-chromatic 0.0 n1))	(multiply-duration 0.25 (transpose-chromatic 1.0 n1))	(multiply-duration 0.25 (transpose-chromatic 2.5 n2))	(multiply-duration 0.25 (transpose-chromatic 0.5 n2))	(multiply-duration 0.25 (transpose-chromatic -1.0 n2))	(multiply-duration 0.25 (transpose-chromatic -1.5 n2))
TR	rel-pitch-none-to-none	1	true	n1 n2	(and (duration>= (duration n1) 2) (not (rest? n1)) (= (note-category n1) X) (= (relative-pitch n1) none) (duration>= (duration n2) 2) (not (rest? n2)) (= (note-category n2) X) (= (relative-pitch n2) none) (pitch>= n1 n2))	(multiply-duration 0.25 (make-rest n1))	(multiply-duration 0.25 (transpose-chromatic -1.0 n1))	(multiply-duration 0.25 (transpose-chromatic 1.5 n1))	(multiply-duration 0.25 (transpose-chromatic 0.5 n1))	(multiply-duration 0.25 (transpose-chromatic 1.5 n2))	(multiply-duration 0.25 (transpose-chromatic 0.5 n2))	(multiply-duration 0.25 (transpose-chromatic -0.5 n2))	(multiply-duration 0.25 (transpose-chromatic -1.0 n2))
TR	rel-pitch-none	1	true	n1	(and (duration>= (duration n1) 2) (not (rest? n1)) (= (note-category n1) X) (= (relative-pitch n1) none))	(multiply-duration 0.08333333333333333 (transpose-chromatic 0.5 n1))	(multiply-duration 0.08333333333333333 (transpose-chromatic 1.5 n1))	(multiply-duration 0.08333333333333333 (transpose-chromatic 0.5 n1))	(multiply-duration 0.25 (transpose-chromatic -1.0 n1))	(multiply-duration 0.5 (transpose-chromatic -1.5 n1))
TR	rel-pitch-none	1	true	n1	(and (duration>= (duration n1) 2) (not (rest? n1)) (= (note-category n1) X) (= (relative-pitch n1) none))	(multiply-duration 0.25 (transpose-chromatic 1.0 n1))	(multiply-duration 0.25 (transpose-chromatic 0.5 n1))	(multiply-duration 0.25 (transpose-chromatic 0.0 n1))	(multiply-duration 0.25 (transpose-chromatic -0.5 n1))
TR	rel-pitch-none	1	true	n1	(and (duration>= (duration n1) 2) (not (rest? n1)) (= (note-category n1) X) (= (relative-pitch n1) none))	(multiply-duration 0.08333333333333333 (transpose-chromatic 1.5 n1))	(multiply-duration 0.08333333333333333 (transpose-chromatic 2.0 n1))	(multiply-duration 0.08333333333333333 (transpose-chromatic 1.5 n1))	(multiply-duration 0.25 (transpose-chromatic 0.5 n1))	(multiply-duration 0.25 (transpose-chromatic -3.5 n1))	(multiply-duration 0.25 (transpose-chromatic -2.0 n1))
TR	rel-pitch-none	1	true	n1	(and (duration>= (duration n1) 2) (not (rest? n1)) (= (note-category n1) X) (= (relative-pitch n1) none))	(multiply-duration 0.25 (transpose-chromatic 1.0 n1))	(multiply-duration 0.25 (transpose-chromatic 0.5 n1))	(multiply-duration 0.25 (transpose-chromatic 0.0 n1))	(multiply-duration 0.25 (transpose-chromatic -1.0 n1))
TR	rel-pitch-none	1	true	n1	(and (duration>= (duration n1) 2) (not (rest? n1)) (= (note-category n1) X) (= (relative-pitch n1) none))	(multiply-duration 0.25 (transpose-chromatic 2.5 n1))	(multiply-duration 0.25 (transpose-chromatic 0.5 n1))	(multiply-duration 0.25 (transpose-chromatic -1.0 n1))	(multiply-duration 0.25 (transpose-chromatic -1.5 n1))
TR	rel-pitch-none	1	true	n1	(and (duration>= (duration n1) 2) (not (rest? n1)) (= (note-category n1) X) (= (relative-pitch n1) none))	(multiply-duration 0.25 (transpose-chromatic 1.0 n1))	(multiply-duration 0.25 (transpose-chromatic -0.5 n1))	(multiply-duration 0.25 (transpose-chromatic 0.0 n1))	(multiply-duration 0.25 (transpose-chromatic 1.0 n1))
TR	rel-pitch-none	1	true	n1	(and (duration>= (duration n1) 2) (not (rest? n1)) (= (note-category n1) X) (= (relative-pitch n1) none))	(multiply-duration 0.25 (transpose-chromatic 1.5 n1))	(multiply-duration 0.25 (transpose-chromatic 0.5 n1))	(multiply-duration 0.25 (transpose-chromatic -0.5 n1))	(multiply-duration 0.25 (transpose-chromatic -1.0 n1))
TR	rel-pitch-none	1	true	n1	(and (duration>= (duration n1) 2) (not (rest? n1)) (= (note-category n1) X) (= (relative-pitch n1) none))	(multiply-duration 0.25 (make-rest n1))	(multiply-duration 0.25 (transpose-chromatic -1.0 n1))	(multiply-duration 0.25 (transpose-chromatic 1.5 n1))	(multiply-duration 0.25 (transpose-chromatic 0.5 n1))
SUB	half-first-rel-pitch-3	motif	1	true
TR	rel-pitch-3-to-7	1	true	n1 n2	(and (duration>= (duration n1) 2) (not (rest? n1)) (= (note-category n1) C) (= (relative-pitch n1) 3) (duration>= (duration n2) 2) (not (rest? n2)) (= (note-category n2) C) (= (relative-pitch n2) 7) (pitch>= n1 n2))	(multiply-duration 0.25 (transpose-diatonic 2 n1))	(multiply-duration 0.25 (transpose-diatonic b1 n1))	(multiply-duration 0.25 (transpose-diatonic 1 n1))	(multiply-duration 0.25 (transpose-diatonic -1 n1))	(multiply-duration 0.25 (transpose-diatonic 2 n2))	(multiply-duration 0.25 (transpose-diatonic -1 n2))	(multiply-duration 0.25 (transpose-diatonic 1 n2))	(multiply-duration 0.25 (transpose-diatonic 2 n2))
TR	rel-pitch-3-to-rest	1	true	n1 n2	(and (duration>= (duration n1) 2) (not (rest? n1)) (= (note-category n1) C) (= (relative-pitch n1) 3) (duration>= (duration n2) 2) (rest? n2))	(multiply-duration 0.5 (transpose-diatonic -1 n1))	(multiply-duration 0.5 (make-rest n1))	n2
TR	rel-pitch-3-to-1	1	true	n1 n2	(and (duration>= (duration n1) 2) (not (rest? n1)) (= (note-category n1) C) (= (relative-pitch n1) 3) (duration>= (duration n2) 2) (not (rest? n2)) (= (note-category n2) C) (= (relative-pitch n2) 1) (pitch< n1 n2))	(multiply-duration 0.25 (transpose-diatonic -1 n1))	(multiply-duration 0.25 (transpose-diatonic -1 n1))	(multiply-duration 0.25 (transpose-diatonic -2 n1))	(multiply-duration 0.25 (transpose-diatonic 3 n1))	(multiply-duration 0.25 (transpose-diatonic -1 n2))	(multiply-duration 0.25 (transpose-diatonic 2 n2))	(multiply-duration 0.25 (transpose-diatonic b2 n2))	(multiply-duration 0.25 (transpose-diatonic -1 n2))
TR	rel-pitch-3	1	true	n1	(and (duration>= (duration n1) 2) (not (rest? n1)) (= (note-category n1) C) (= (relative-pitch n1) 3))	(multiply-duration 0.25 (transpose-diatonic 2 n1))	(multiply-duration 0.25 (transpose-diatonic b1 n1))	(multiply-duration 0.25 (transpose-diatonic 1 n1))	(multiply-duration 0.25 (transpose-diatonic -1 n1))
TR	rel-pitch-3	1	true	n1	(and (duration>= (duration n1) 2) (not (rest? n1)) (= (note-category n1) C) (= (relative-pitch n1) 3))	(multiply-duration 0.5 (transpose-diatonic -1 n1))	(multiply-duration 0.5 (make-rest n1))
TR	rel-pitch-3	1	true	n1	(and (duration>= (duration n1) 2) (not (rest? n1)) (= (note-category n1) C) (= (relative-pitch n1) 3))	(multiply-duration 0.5 (make-rest n1))	(multiply-duration 0.25 (transpose-diatonic 1 n1))	(multiply-duration 0.25 (transpose-diatonic 3 n1))
TR	rel-pitch-3	1	true	n1	(and (duration>= (duration n1) 2) (not (rest? n1)) (= (note-category n1) C) (= (relative-pitch n1) 3))	(multiply-duration 0.25 (transpose-diatonic 4 n1))	(multiply-duration 0.25 (transpose-diatonic -2 n1))	(multiply-duration 0.25 (transpose-diatonic 1 n1))	(multiply-duration 0.25 (transpose-diatonic b3 n1))
TR	rel-pitch-3	1	true	n1	(and (duration>= (duration n1) 2) (not (rest? n1)) (= (note-category n1) C) (= (relative-pitch n1) 3))	(multiply-duration 0.25 (transpose-diatonic 3 n1))	(multiply-duration 0.25 (transpose-diatonic 1 n1))	(multiply-duration 0.25 (transpose-diatonic 2 n1))	(multiply-duration 0.25 (transpose-diatonic 3 n1))
TR	rel-pitch-3	1	true	n1	(and (duration>= (duration n1) 2) (not (rest? n1)) (= (note-category n1) C) (= (relative-pitch n1) 3))	(multiply-duration 0.25 (transpose-diatonic -1 n1))	(multiply-duration 0.25 (transpose-diatonic -1 n1))	(multiply-duration 0.25 (transpose-diatonic -2 n1))	(multiply-duration 0.25 (transpose-diatonic 3 n1))
SUB	half-first-rel-pitch-1	motif	1	true
TR	rel-pitch-1-to-3	1	true	n1 n2	(and (duration>= (duration n1) 2) (not (rest? n1)) (= (note-category n1) C) (= (relative-pitch n1) 1) (duration>= (duration n2) 2) (not (rest? n2)) (= (note-category n2) C) (= (relative-pitch n2) 3) (pitch>= n1 n2))	(multiply-duration 0.5 (transpose-diatonic b2 n1))	(multiply-duration 0.5 (transpose-diatonic 1 n1))	(multiply-duration 0.5 (make-rest n2))	(multiply-duration 0.25 (transpose-diatonic 1 n2))	(multiply-duration 0.25 (transpose-diatonic 3 n2))
TR	rel-pitch-1-to-3	1	true	n1 n2	(and (duration>= (duration n1) 2) (not (rest? n1)) (= (note-category n1) C) (= (relative-pitch n1) 1) (duration>= (duration n2) 2) (not (rest? n2)) (= (note-category n2) C) (= (relative-pitch n2) 3) (pitch>= n1 n2))	(multiply-duration 0.25 (transpose-diatonic 3 n1))	(multiply-duration 0.25 (transpose-diatonic 2 n1))	(multiply-duration 0.25 (transpose-diatonic 1 n1))	(multiply-duration 0.25 (transpose-diatonic -1 n1))	(multiply-duration 0.25 (transpose-diatonic 4 n2))	(multiply-duration 0.25 (transpose-diatonic -2 n2))	(multiply-duration 0.25 (transpose-diatonic 1 n2))	(multiply-duration 0.25 (transpose-diatonic b3 n2))
TR	rel-pitch-1-to-7	1	true	n1 n2	(and (duration>= (duration n1) 2) (not (rest? n1)) (= (note-category n1) C) (= (relative-pitch n1) 1) (duration>= (duration n2) 2) (not (rest? n2)) (= (note-category n2) C) (= (relative-pitch n2) 7) (pitch>= n1 n2))	(multiply-duration 0.25 (transpose-diatonic 1 n1))	(multiply-duration 0.25 (transpose-diatonic -1 n1))	(multiply-duration 0.25 (make-rest n1))	(multiply-duration 0.25 (transpose-diatonic 2 n1))	(multiply-duration 0.5 (transpose-diatonic 2 n2))	(multiply-duration 0.25 (transpose-diatonic 1 n2))	(multiply-duration 0.25 (transpose-diatonic -1 n2))
TR	rel-pitch-1-to-rest	1	true	n1 n2	(and (duration>= (duration n1) 2) (not (rest? n1)) (= (note-category n1) C) (= (relative-pitch n1) 1) (duration>= (duration n2) 2) (rest? n2))	(multiply-duration 0.25 (make-rest n1))	(multiply-duration 0.25 (transpose-diatonic 1 n1))	(multiply-duration 0.5 (make-rest n1))	n2
TR	rel-pitch-1-to-1	1	true	n1 n2	(and (duration>= (duration n1) 2) (not (rest? n1)) (= (note-category n1) C) (= (relative-pitch n1) 1) (duration>= (duration n2) 2) (not (rest? n2)) (= (note-category n2) C) (= (relative-pitch n2) 1) (pitch>= n1 n2))	(multiply-duration 0.125 (transpose-diatonic 3 n1))	(multiply-duration 0.125 (transpose-diatonic 4 n1))	(multiply-duration 0.125 (transpose-diatonic 3 n1))	(multiply-duration 0.125 (transpose-diatonic b2 n1))	(multiply-duration 0.25 (transpose-diatonic 1 n1))	(multiply-duration 0.25 (transpose-diatonic -1 n1))	(multiply-duration 0.25 (transpose-diatonic -2 n2))	(multiply-duration 0.25 (transpose-diatonic 1 n2))	(multiply-duration 0.25 (transpose-diatonic 3 n2))	(multiply-duration 0.25 (transpose-diatonic b5 n2))
TR	rel-pitch-1	1	true	n1	(and (duration>= (duration n1) 2) (not (rest? n1)) (= (note-category n1) C) (= (relative-pitch n1) 1))	(multiply-duration 0.25 (make-rest n1))	(multiply-duration 0.25 (transpose-diatonic 2 n1))	(multiply-duration 0.25 (make-rest n1))	(multiply-duration 0.25 (transpose-diatonic 1 n1))
TR	rel-pitch-1	1	true	n1	(and (duration>= (duration n1) 2) (not (rest? n1)) (= (note-category n1) C) (= (relative-pitch n1) 1))	(multiply-duration 0.25 (transpose-diatonic #4 n1))	(multiply-duration 0.25 (transpose-diatonic 2 n1))	(multiply-duration 0.25 (transpose-diatonic -1 n1))	(multiply-duration 0.25 (transpose-diatonic -3 n1))
TR	rel-pitch-1	1	true	n1	(and (duration>= (duration n1) 2) (not (rest? n1)) (= (note-category n1) C) (= (relative-pitch n1) 1))	(multiply-duration 0.5 (transpose-diatonic b2 n1))	(multiply-duration 0.5 (transpose-diatonic 1 n1))
TR	rel-pitch-1	1	true	n1	(and (duration>= (duration n1) 2) (not (rest? n1)) (= (note-category n1) C) (= (relative-pitch n1) 1))	(multiply-duration 0.25 (transpose-diatonic 3 n1))	(multiply-duration 0.25 (transpose-diatonic 2 n1))	(multiply-duration 0.25 (transpose-diatonic 1 n1))	(multiply-duration 0.25 (transpose-diatonic -1 n1))
TR	rel-pitch-1	1	true	n1	(and (duration>= (duration n1) 2) (not (rest? n1)) (= (note-category n1) C) (= (relative-pitch n1) 1))	(multiply-duration 0.25 (transpose-diatonic 1 n1))	(multiply-duration 0.25 (transpose-diatonic -1 n1))	(multiply-duration 0.25 (make-rest n1))	(multiply-duration 0.25 (transpose-diatonic 2 n1))
TR	rel-pitch-1	1	true	n1	(and (duration>= (duration n1) 2) (not (rest? n1)) (= (note-category n1) C) (= (relative-pitch n1) 1))	(multiply-duration 0.25 (make-rest n1))	(multiply-duration 0.25 (transpose-diatonic 1 n1))	(multiply-duration 0.5 (make-rest n1))
TR	rel-pitch-1	1	true	n1	(and (duration>= (duration n1) 2) (not (rest? n1)) (= (note-category n1) C) (= (relative-pitch n1) 1))	(multiply-duration 0.25 (transpose-diatonic -2 n1))	(multiply-duration 0.25 (transpose-diatonic 1 n1))	(multiply-duration 0.25 (transpose-diatonic 3 n1))	(multiply-duration 0.25 (transpose-diatonic b5 n1))
TR	rel-pitch-1	1	true	n1	(and (duration>= (duration n1) 2) (not (rest? n1)) (= (note-category n1) C) (= (relative-pitch n1) 1))	(multiply-duration 0.125 (transpose-diatonic 3 n1))	(multiply-duration 0.125 (transpose-diatonic 4 n1))	(multiply-duration 0.125 (transpose-diatonic 3 n1))	(multiply-duration 0.125 (transpose-diatonic b2 n1))	(multiply-duration 0.25 (transpose-diatonic 1 n1))	(multiply-duration 0.25 (transpose-diatonic -1 n1))
TR	rel-pitch-1	1	true	n1	(and (duration>= (duration n1) 2) (not (rest? n1)) (= (note-category n1) C) (= (relative-pitch n1) 1))	(multiply-duration 0.25 (transpose-diatonic -1 n1))	(multiply-duration 0.25 (transpose-diatonic 2 n1))	(multiply-duration 0.25 (transpose-diatonic b2 n1))	(multiply-duration 0.25 (transpose-diatonic -1 n1))
SUB	half-first-rel-pitch-5	motif	1	true
TR	rel-pitch-5-to-rest	1	true	n1 n2	(and (duration>= (duration n1) 2) (not (rest? n1)) (= (note-category n1) C) (= (relative-pitch n1) 5) (duration>= (duration n2) 2) (rest? n2))	(multiply-duration 0.25 (transpose-diatonic b2 n1))	(multiply-duration 0.25 (transpose-diatonic #3 n1))	(multiply-duration 0.5 (transpose-diatonic 1 n1))	n2
TR	rel-pitch-5-to-7	1	true	n1 n2	(and (duration>= (duration n1) 2) (not (rest? n1)) (= (note-category n1) C) (= (relative-pitch n1) 5) (duration>= (duration n2) 2) (not (rest? n2)) (= (note-category n2) C) (= (relative-pitch n2) 7) (pitch< n1 n2))	(multiply-duration 0.25 (make-rest n1))	(multiply-duration 0.25 (transpose-diatonic b2 n1))	(multiply-duration 0.25 (transpose-diatonic 1 n1))	(multiply-duration 0.25 (transpose-diatonic -1 n1))	(multiply-duration 0.25 (transpose-diatonic 1 n2))	(multiply-duration 0.25 (transpose-diatonic -2 n2))	(multiply-duration 0.16666666666666666 (transpose-diatonic b-1 n2))	(multiply-duration 0.16666666666666666 (transpose-diatonic 2 n2))	(multiply-duration 0.16666666666666666 (transpose-diatonic 4 n2))
TR	rel-pitch-5-to-1	1	true	n1 n2	(and (duration>= (duration n1) 2) (not (rest? n1)) (= (note-category n1) C) (= (relative-pitch n1) 5) (duration>= (duration n2) 2) (not (rest? n2)) (= (note-category n2) C) (= (relative-pitch n2) 1) (pitch>= n1 n2))	(multiply-duration 0.25 (make-rest n1))	(multiply-duration 0.125 (transpose-diatonic 1 n1))	(multiply-duration 0.125 (transpose-diatonic b1 n1))	(multiply-duration 0.25 (transpose-diatonic -1 n1))	(multiply-duration 0.25 (transpose-diatonic -2 n1))	(multiply-duration 0.25 (make-rest n2))	(multiply-duration 0.25 (transpose-diatonic 2 n2))	(multiply-duration 0.25 (make-rest n2))	(multiply-duration 0.25 (transpose-diatonic 1 n2))
TR	rel-pitch-5-to-1	1	true	n1 n2	(and (duration>= (duration n1) 2) (not (rest? n1)) (= (note-category n1) C) (= (relative-pitch n1) 5) (duration>= (duration n2) 2) (not (rest? n2)) (= (note-category n2) C) (= (relative-pitch n2) 1) (pitch>= n1 n2))	(multiply-duration 0.25 (transpose-diatonic #-1 n1))	(multiply-duration 0.25 (transpose-diatonic 2 n1))	(multiply-duration 0.16666666666666666 (transpose-diatonic #1 n1))	(multiply-duration 0.16666666666666666 (transpose-diatonic 1 n1))	(multiply-duration 0.16666666666666666 (transpose-diatonic #-1 n1))	(multiply-duration 0.25 (transpose-diatonic #4 n2))	(multiply-duration 0.25 (transpose-diatonic 2 n2))	(multiply-duration 0.25 (transpose-diatonic -1 n2))	(multiply-duration 0.25 (transpose-diatonic -3 n2))
TR	rel-pitch-5-to-3	1	true	n1 n2	(and (duration>= (duration n1) 2) (not (rest? n1)) (= (note-category n1) C) (= (relative-pitch n1) 5) (duration>= (duration n2) 2) (not (rest? n2)) (= (note-category n2) C) (= (relative-pitch n2) 3) (pitch>= n1 n2))	(multiply-duration 0.25 (transpose-diatonic 4 n1))	(multiply-duration 0.25 (transpose-diatonic 1 n1))	(multiply-duration 0.25 (transpose-diatonic -2 n1))	(multiply-duration 0.25 (transpose-diatonic -1 n1))	(multiply-duration 0.25 (transpose-diatonic 3 n2))	(multiply-duration 0.25 (transpose-diatonic 1 n2))	(multiply-duration 0.25 (transpose-diatonic 2 n2))	(multiply-duration 0.25 (transpose-diatonic 3 n2))
TR	rel-pitch-5	1	true	n1	(and (duration>= (duration n1) 2) (not (rest? n1)) (= (note-category n1) C) (= (relative-pitch n1) 5))	(multiply-duration 0.25 (transpose-diatonic b2 n1))	(multiply-duration 0.25 (transpose-diatonic #3 n1))	(multiply-duration 0.5 (transpose-diatonic 1 n1))
TR	rel-pitch-5	1	true	n1	(and (duration>= (duration n1) 2) (not (rest? n1)) (= (note-category n1) C) (= (relative-pitch n1) 5))	(multiply-duration 0.25 (make-rest n1))	(multiply-duration 0.25 (transpose-diatonic b2 n1))	(multiply-duration 0.25 (transpose-diatonic 1 n1))	(multiply-duration 0.25 (transpose-diatonic -1 n1))
TR	rel-pitch-5	1	true	n1	(and (duration>= (duration n1) 2) (not (rest? n1)) (= (note-category n1) C) (= (relative-pitch n1) 5))	(multiply-duration 0.25 (make-rest n1))	(multiply-duration 0.125 (transpose-diatonic 1 n1))	(multiply-duration 0.125 (transpose-diatonic b1 n1))	(multiply-duration 0.25 (transpose-diatonic -1 n1))	(multiply-duration 0.25 (transpose-diatonic -2 n1))
TR	rel-pitch-5	1	true	n1	(and (duration>= (duration n1) 2) (not (rest? n1)) (= (note-category n1) C) (= (relative-pitch n1) 5))	(multiply-duration 0.25 (transpose-diatonic #-1 n1))	(multiply-duration 0.25 (transpose-diatonic 2 n1))	(multiply-duration 0.16666666666666666 (transpose-diatonic #1 n1))	(multiply-duration 0.16666666666666666 (transpose-diatonic 1 n1))	(multiply-duration 0.16666666666666666 (transpose-diatonic #-1 n1))
TR	rel-pitch-5	1	true	n1	(and (duration>= (duration n1) 2) (not (rest? n1)) (= (note-category n1) C) (= (relative-pitch n1) 5))	(multiply-duration 0.5 (make-rest n1))	(multiply-duration 0.5 (transpose-diatonic 1 n1))
TR	rel-pitch-5	1	true	n1	(and (duration>= (duration n1) 2) (not (rest? n1)) (= (note-category n1) C) (= (relative-pitch n1) 5))	(multiply-duration 0.25 (transpose-diatonic 4 n1))	(multiply-duration 0.25 (transpose-diatonic 1 n1))	(multiply-duration 0.25 (transpose-diatonic -2 n1))	(multiply-duration 0.25 (transpose-diatonic -1 n1))
SUB	half-first-rel-pitch-rest	motif	1	true
TR	rel-pitch-rest-to-rest	18	true	n1 n2	(and (duration>= (duration n1) 2) (rest? n1) (duration>= (duration n2) 2) (rest? n2))	n1	n2
TR	rel-pitch-rest-to-5	1	true	n1 n2	(and (duration>= (duration n1) 2) (rest? n1) (duration>= (duration n2) 2) (not (rest? n2)) (= (note-category n2) C) (= (relative-pitch n2) 5))	n1	(multiply-duration 0.5 (make-rest n2))	(multiply-duration 0.5 (transpose-diatonic 1 n2))
TR	rel-pitch-rest	40	true	n1	(and (duration>= (duration n1) 2) (rest? n1))	n1
SUB	half-first-rel-pitch-7	motif	1	true
TR	rel-pitch-7	1	true	n1	(and (duration>= (duration n1) 2) (not (rest? n1)) (= (note-category n1) C) (= (relative-pitch n1) 7))	(multiply-duration 0.25 (transpose-diatonic 1 n1))	(multiply-duration 0.25 (transpose-diatonic -2 n1))	(multiply-duration 0.16666666666666666 (transpose-diatonic b-1 n1))	(multiply-duration 0.16666666666666666 (transpose-diatonic 2 n1))	(multiply-duration 0.16666666666666666 (transpose-diatonic 4 n1))
TR	rel-pitch-7	1	true	n1	(and (duration>= (duration n1) 2) (not (rest? n1)) (= (note-category n1) C) (= (relative-pitch n1) 7))	(multiply-duration 0.25 (transpose-diatonic 2 n1))	(multiply-duration 0.25 (transpose-diatonic -1 n1))	(multiply-duration 0.25 (transpose-diatonic 1 n1))	(multiply-duration 0.25 (transpose-diatonic 2 n1))
TR	rel-pitch-7	1	true	n1	(and (duration>= (duration n1) 2) (not (rest? n1)) (= (note-category n1) C) (= (relative-pitch n1) 7))	(multiply-duration 0.5 (transpose-diatonic 2 n1))	(multiply-duration 0.25 (transpose-diatonic 1 n1))	(multiply-duration 0.25 (transpose-diatonic -1 n1))
SUB	quarter-first-rel-pitch-none	motif	1	true
TR	rel-pitch-none-to-none	1	true	n1 n2	(and (duration>= (duration n1) 4) (not (rest? n1)) (= (note-category n1) X) (= (relative-pitch n1) none) (duration>= (duration n2) 4) (not (rest? n2)) (= (note-category n2) X) (= (relative-pitch n2) none) (pitch>= n1 n2))	(multiply-duration 0.16666666666666666 (transpose-chromatic 0.5 n1))	(multiply-duration 0.16666666666666666 (transpose-chromatic 1.5 n1))	(multiply-duration 0.16666666666666666 (transpose-chromatic 0.5 n1))	(multiply-duration 0.5 (transpose-chromatic -1.0 n1))	(multiply-duration 1.0 (transpose-chromatic 0.0 n2))
TR	rel-pitch-none-to-none	1	true	n1 n2	(and (duration>= (duration n1) 4) (not (rest? n1)) (= (note-category n1) X) (= (relative-pitch n1) none) (duration>= (duration n2) 4) (not (rest? n2)) (= (note-category n2) X) (= (relative-pitch n2) none) (pitch>= n1 n2))	(multiply-duration 0.5 (transpose-chromatic 0.5 n1))	(multiply-duration 0.5 (transpose-chromatic 0.0 n1))	(multiply-duration 0.5 (transpose-chromatic 0.5 n2))	(multiply-duration 0.5 (transpose-chromatic 0.0 n2))
TR	rel-pitch-none-to-none	1	true	n1 n2	(and (duration>= (duration n1) 4) (not (rest? n1)) (= (note-category n1) X) (= (relative-pitch n1) none) (duration>= (duration n2) 4) (not (rest? n2)) (= (note-category n2) X) (= (relative-pitch n2) none) (pitch>= n1 n2))	(multiply-duration 0.16666666666666666 (transpose-chromatic 0.5 n1))	(multiply-duration 0.16666666666666666 (transpose-chromatic 1.0 n1))	(multiply-duration 0.16666666666666666 (transpose-chromatic 0.5 n1))	(multiply-duration 0.5 (transpose-chromatic -0.5 n1))	(multiply-duration 0.5 (transpose-chromatic -0.5 n2))	(multiply-duration 0.5 (transpose-chromatic 1.0 n2))
TR	rel-pitch-none-to-none	1	true	n1 n2	(and (duration>= (duration n1) 4) (not (rest? n1)) (= (note-category n1) X) (= (relative-pitch n1) none) (duration>= (duration n2) 4) (not (rest? n2)) (= (note-category n2) X) (= (relative-pitch n2) none) (pitch>= n1 n2))	(multiply-duration 0.5 (transpose-chromatic 0.5 n1))	(multiply-duration 0.5 (transpose-chromatic 0.0 n1))	(multiply-duration 0.5 (transpose-chromatic 0.5 n2))	(multiply-duration 0.5 (transpose-chromatic -0.5 n2))
TR	rel-pitch-none-to-none	1	true	n1 n2	(and (duration>= (duration n1) 4) (not (rest? n1)) (= (note-category n1) X) (= (relative-pitch n1) none) (duration>= (duration n2) 4) (not (rest? n2)) (= (note-category n2) X) (= (relative-pitch n2) none) (pitch>= n1 n2))	(multiply-duration 0.5 (transpose-chromatic 1.0 n1))	(multiply-duration 0.5 (transpose-chromatic -1.0 n1))	(multiply-duration 0.5 (transpose-chromatic 0.5 n2))	(multiply-duration 0.5 (transpose-chromatic 0.0 n2))
TR	rel-pitch-none-to-none	1	true	n1 n2	(and (duration>= (duration n1) 4) (not (rest? n1)) (= (note-category n1) X) (= (relative-pitch n1) none) (duration>= (duration n2) 4) (not (rest? n2)) (= (note-category n2) X) (= (relative-pitch n2) none) (pitch< n1 n2))	(multiply-duration 0.5 (transpose-chromatic 1.0 n1))	(multiply-duration 0.5 (transpose-chromatic -0.5 n1))	(multiply-duration 0.5 (transpose-chromatic -0.5 n2))	(multiply-duration 0.5 (transpose-chromatic 0.5 n2))
TR	rel-pitch-none-to-none	1	true	n1 n2	(and (duration>= (duration n1) 4) (not (rest? n1)) (= (note-category n1) X) (= (relative-pitch n1) none) (duration>= (duration n2) 4) (not (rest? n2)) (= (note-category n2) X) (= (relative-pitch n2) none) (pitch>= n1 n2))	(multiply-duration 0.5 (transpose-chromatic 0.5 n1))	(multiply-duration 0.5 (transpose-chromatic -0.5 n1))	(multiply-duration 0.5 (transpose-chromatic 0.5 n2))	(multiply-duration 0.5 (transpose-chromatic 0.0 n2))
TR	rel-pitch-none-to-none	1	true	n1 n2	(and (duration>= (duration n1) 4) (not (rest? n1)) (= (note-category n1) X) (= (relative-pitch n1) none) (duration>= (duration n2) 4) (not (rest? n2)) (= (note-category n2) X) (= (relative-pitch n2) none) (pitch< n1 n2))	(multiply-duration 0.5 (make-rest n1))	(multiply-duration 0.5 (transpose-chromatic 0.0 n1))	(multiply-duration 0.5 (transpose-chromatic 0.5 n2))	(multiply-duration 0.5 (transpose-chromatic -0.5 n2))
TR	rel-pitch-none	1	true	n1	(and (duration>= (duration n1) 4) (not (rest? n1)) (= (note-category n1) X) (= (relative-pitch n1) none))	(multiply-duration 1.0 (transpose-chromatic 0.0 n1))
TR	rel-pitch-none	1	true	n1	(and (duration>= (duration n1) 4) (not (rest? n1)) (= (note-category n1) X) (= (relative-pitch n1) none))	(multiply-duration 0.16666666666666666 (transpose-chromatic 0.5 n1))	(multiply-duration 0.16666666666666666 (transpose-chromatic 1.5 n1))	(multiply-duration 0.16666666666666666 (transpose-chromatic 0.5 n1))	(multiply-duration 0.5 (transpose-chromatic -1.0 n1))
TR	rel-pitch-none	1	true	n1	(and (duration>= (duration n1) 4) (not (rest? n1)) (= (note-category n1) X) (= (relative-pitch n1) none))	(multiply-duration 0.5 (transpose-chromatic -0.5 n1))	(multiply-duration 0.5 (transpose-chromatic 1.0 n1))
TR	rel-pitch-none	1	true	n1	(and (duration>= (duration n1) 4) (not (rest? n1)) (= (note-category n1) X) (= (relative-pitch n1) none))	(multiply-duration 0.16666666666666666 (transpose-chromatic 0.5 n1))	(multiply-duration 0.16666666666666666 (transpose-chromatic 1.0 n1))	(multiply-duration 0.16666666666666666 (transpose-chromatic 0.5 n1))	(multiply-duration 0.5 (transpose-chromatic -0.5 n1))
TR	rel-pitch-none	1	true	n1	(and (duration>= (duration n1) 4) (not (rest? n1)) (= (note-category n1) X) (= (relative-pitch n1) none))	(multiply-duration 0.5 (transpose-chromatic 1.0 n1))	(multiply-duration 0.5 (transpose-chromatic -1.0 n1))
TR	rel-pitch-none	1	true	n1	(and (duration>= (duration n1) 4) (not (rest? n1)) (= (note-category n1) X) (= (relative-pitch n1) none))	(multiply-duration 0.5 (transpose-chromatic -0.5 n1))	(multiply-duration 0.5 (transpose-chromatic 0.5 n1))
TR	rel-pitch-none	1	true	n1	(and (duration>= (duration n1) 4) (not (rest? n1)) (= (note-category n1) X) (= (relative-pitch n1) none))	(multiply-duration 0.5 (transpose-chromatic 1.0 n1))	(multiply-duration 0.5 (transpose-chromatic -0.5 n1))
TR	rel-pitch-none	5	true	n1	(and (duration>= (duration n1) 4) (not (rest? n1)) (= (note-category n1) X) (= (relative-pitch n1) none))	(multiply-duration 0.5 (transpose-chromatic 0.5 n1))	(multiply-duration 0.5 (transpose-chromatic 0.0 n1))
TR	rel-pitch-none	3	true	n1	(and (duration>= (duration n1) 4) (not (rest? n1)) (= (note-category n1) X) (= (relative-pitch n1) none))	(multiply-duration 0.5 (transpose-chromatic 0.5 n1))	(multiply-duration 0.5 (transpose-chromatic -0.5 n1))
TR	rel-pitch-none	1	true	n1	(and (duration>= (duration n1) 4) (not (rest? n1)) (= (note-category n1) X) (= (relative-pitch n1) none))	(multiply-duration 0.5 (make-rest n1))	(multiply-duration 0.5 (transpose-chromatic 0.0 n1))
SUB	quarter-first-rel-pitch-3	motif	1	true
TR	rel-pitch-3-to-3	1	true	n1 n2	(and (duration>= (duration n1) 4) (not (rest? n1)) (= (note-category n1) C) (= (relative-pitch n1) 3) (duration>= (duration n2) 4) (not (rest? n2)) (= (note-category n2) C) (= (relative-pitch n2) 3) (pitch>= n1 n2))	(multiply-duration 0.5 (transpose-diatonic 2 n1))	(multiply-duration 0.5 (transpose-diatonic b1 n1))	(multiply-duration 0.5 (transpose-diatonic 1 n2))	(multiply-duration 0.5 (transpose-diatonic -1 n2))
TR	rel-pitch-3-to-1	1	true	n1 n2	(and (duration>= (duration n1) 4) (not (rest? n1)) (= (note-category n1) C) (= (relative-pitch n1) 3) (duration>= (duration n2) 4) (not (rest? n2)) (= (note-category n2) C) (= (relative-pitch n2) 1) (pitch>= n1 n2))	(multiply-duration 0.5 (make-rest n1))	(multiply-duration 0.5 (transpose-diatonic -1 n1))	(multiply-duration 0.5 (make-rest n2))	(multiply-duration 0.5 (transpose-diatonic 1 n2))
TR	rel-pitch-3-to-rest	1	true	n1 n2	(and (duration>= (duration n1) 4) (not (rest? n1)) (= (note-category n1) C) (= (relative-pitch n1) 3) (duration>= (duration n2) 4) (rest? n2))	(multiply-duration 1.0 (transpose-diatonic -1 n1))	n2
TR	rel-pitch-3-to-5	1	true	n1 n2	(and (duration>= (duration n1) 4) (not (rest? n1)) (= (note-category n1) C) (= (relative-pitch n1) 3) (duration>= (duration n2) 4) (not (rest? n2)) (= (note-category n2) C) (= (relative-pitch n2) 5) (pitch>= n1 n2))	(multiply-duration 0.5 (transpose-diatonic #2 n1))	(multiply-duration 0.5 (transpose-diatonic -1 n1))	(multiply-duration 0.5 (transpose-diatonic 3 n2))	(multiply-duration 0.5 (transpose-diatonic 1 n2))
TR	rel-pitch-3-to-3	1	true	n1 n2	(and (duration>= (duration n1) 4) (not (rest? n1)) (= (note-category n1) C) (= (relative-pitch n1) 3) (duration>= (duration n2) 4) (not (rest? n2)) (= (note-category n2) C) (= (relative-pitch n2) 3) (pitch>= n1 n2))	(multiply-duration 0.5 (transpose-diatonic 4 n1))	(multiply-duration 0.5 (transpose-diatonic -2 n1))	(multiply-duration 0.5 (transpose-diatonic 1 n2))	(multiply-duration 0.5 (transpose-diatonic b3 n2))
TR	rel-pitch-3-to-1	1	true	n1 n2	(and (duration>= (duration n1) 4) (not (rest? n1)) (= (note-category n1) C) (= (relative-pitch n1) 3) (duration>= (duration n2) 4) (not (rest? n2)) (= (note-category n2) C) (= (relative-pitch n2) 1) (pitch>= n1 n2))	(multiply-duration 0.5 (transpose-diatonic 1 n1))	(multiply-duration 0.5 (transpose-diatonic -1 n1))	(multiply-duration 0.5 (transpose-diatonic 1 n2))	(multiply-duration 0.5 (transpose-diatonic -1 n2))
TR	rel-pitch-3-to-1	1	true	n1 n2	(and (duration>= (duration n1) 4) (not (rest? n1)) (= (note-category n1) C) (= (relative-pitch n1) 3) (duration>= (duration n2) 4) (not (rest? n2)) (= (note-category n2) C) (= (relative-pitch n2) 1) (pitch>= n1 n2))	(multiply-duration 0.25 (transpose-diatonic 1 n1))	(multiply-duration 0.25 (transpose-diatonic 2 n1))	(multiply-duration 0.25 (transpose-diatonic 1 n1))	(multiply-duration 0.25 (transpose-diatonic b-1 n1))	(multiply-duration 0.5 (transpose-diatonic 1 n2))	(multiply-duration 0.5 (transpose-diatonic -1 n2))
TR	rel-pitch-3-to-5	1	true	n1 n2	(and (duration>= (duration n1) 4) (not (rest? n1)) (= (note-category n1) C) (= (relative-pitch n1) 3) (duration>= (duration n2) 4) (not (rest? n2)) (= (note-category n2) C) (= (relative-pitch n2) 5) (pitch< n1 n2))	(multiply-duration 0.5 (transpose-diatonic 3 n1))	(multiply-duration 0.5 (transpose-diatonic 1 n1))	(multiply-duration 0.5 (transpose-diatonic -1 n2))	(multiply-duration 0.5 (transpose-diatonic 1 n2))
TR	rel-pitch-3-to-3	1	true	n1 n2	(and (duration>= (duration n1) 4) (not (rest? n1)) (= (note-category n1) C) (= (relative-pitch n1) 3) (duration>= (duration n2) 4) (not (rest? n2)) (= (note-category n2) C) (= (relative-pitch n2) 3) (pitch>= n1 n2))	(multiply-duration 0.5 (transpose-diatonic -1 n1))	(multiply-duration 0.5 (transpose-diatonic -1 n1))	(multiply-duration 0.5 (transpose-diatonic -2 n2))	(multiply-duration 0.5 (transpose-diatonic 3 n2))
TR	rel-pitch-3	1	true	n1	(and (duration>= (duration n1) 4) (not (rest? n1)) (= (note-category n1) C) (= (relative-pitch n1) 3))	(multiply-duration 0.5 (transpose-diatonic 2 n1))	(multiply-duration 0.5 (transpose-diatonic b1 n1))
TR	rel-pitch-3	1	true	n1	(and (duration>= (duration n1) 4) (not (rest? n1)) (= (note-category n1) C) (= (relative-pitch n1) 3))	(multiply-duration 0.5 (transpose-diatonic 2 n1))	(multiply-duration 0.5 (transpose-diatonic 1 n1))
TR	rel-pitch-3	1	true	n1	(and (duration>= (duration n1) 4) (not (rest? n1)) (= (note-category n1) C) (= (relative-pitch n1) 3))	(multiply-duration 1.0 (transpose-diatonic -1 n1))
TR	rel-pitch-3	1	true	n1	(and (duration>= (duration n1) 4) (not (rest? n1)) (= (note-category n1) C) (= (relative-pitch n1) 3))	(multiply-duration 0.5 (transpose-diatonic #2 n1))	(multiply-duration 0.5 (transpose-diatonic -1 n1))
TR	rel-pitch-3	1	true	n1	(and (duration>= (duration n1) 4) (not (rest? n1)) (= (note-category n1) C) (= (relative-pitch n1) 3))	(multiply-duration 0.5 (transpose-diatonic 1 n1))	(multiply-duration 0.5 (transpose-diatonic 3 n1))
TR	rel-pitch-3	1	true	n1	(and (duration>= (duration n1) 4) (not (rest? n1)) (= (note-category n1) C) (= (relative-pitch n1) 3))	(multiply-duration 0.5 (transpose-diatonic 4 n1))	(multiply-duration 0.5 (transpose-diatonic -2 n1))
TR	rel-pitch-3	2	true	n1	(and (duration>= (duration n1) 4) (not (rest? n1)) (= (note-category n1) C) (= (relative-pitch n1) 3))	(multiply-duration 0.5 (transpose-diatonic 1 n1))	(multiply-duration 0.5 (transpose-diatonic -1 n1))
TR	rel-pitch-3	2	true	n1	(and (duration>= (duration n1) 4) (not (rest? n1)) (= (note-category n1) C) (= (relative-pitch n1) 3))	(multiply-duration 0.5 (make-rest n1))	(multiply-duration 0.5 (transpose-diatonic -1 n1))
TR	rel-pitch-3	2	true	n1	(and (duration>= (duration n1) 4) (not (rest? n1)) (= (note-category n1) C) (= (relative-pitch n1) 3))	(multiply-duration 0.5 (transpose-diatonic 1 n1))	(multiply-duration 0.5 (transpose-diatonic b3 n1))
TR	rel-pitch-3	1	true	n1	(and (duration>= (duration n1) 4) (not (rest? n1)) (= (note-category n1) C) (= (relative-pitch n1) 3))	(multiply-duration 0.25 (transpose-diatonic 1 n1))	(multiply-duration 0.25 (transpose-diatonic 2 n1))	(multiply-duration 0.25 (transpose-diatonic 1 n1))	(multiply-duration 0.25 (transpose-diatonic b-1 n1))
TR	rel-pitch-3	1	true	n1	(and (duration>= (duration n1) 4) (not (rest? n1)) (= (note-category n1) C) (= (relative-pitch n1) 3))	(multiply-duration 0.5 (transpose-diatonic 3 n1))	(multiply-duration 0.5 (transpose-diatonic 1 n1))
TR	rel-pitch-3	1	true	n1	(and (duration>= (duration n1) 4) (not (rest? n1)) (= (note-category n1) C) (= (relative-pitch n1) 3))	(multiply-duration 0.5 (transpose-diatonic 1 n1))	(multiply-duration 0.5 (transpose-diatonic 2 n1))
TR	rel-pitch-3	1	true	n1	(and (duration>= (duration n1) 4) (not (rest? n1)) (= (note-category n1) C) (= (relative-pitch n1) 3))	(multiply-duration 0.5 (transpose-diatonic -2 n1))	(multiply-duration 0.5 (transpose-diatonic 3 n1))
TR	rel-pitch-3	1	true	n1	(and (duration>= (duration n1) 4) (not (rest? n1)) (= (note-category n1) C) (= (relative-pitch n1) 3))	(multiply-duration 0.5 (transpose-diatonic -1 n1))	(multiply-duration 0.5 (transpose-diatonic -1 n1))
SUB	quarter-first-rel-pitch-1	motif	1	true
TR	rel-pitch-1-to-1	1	true	n1 n2	(and (duration>= (duration n1) 4) (not (rest? n1)) (= (note-category n1) C) (= (relative-pitch n1) 1) (duration>= (duration n2) 4) (not (rest? n2)) (= (note-category n2) C) (= (relative-pitch n2) 1) (pitch>= n1 n2))	(multiply-duration 1.0 (transpose-diatonic b2 n1))	(multiply-duration 1.0 (transpose-diatonic 1 n2))
TR	rel-pitch-1-to-7	1	true	n1 n2	(and (duration>= (duration n1) 4) (not (rest? n1)) (= (note-category n1) C) (= (relative-pitch n1) 1) (duration>= (duration n2) 4) (not (rest? n2)) (= (note-category n2) C) (= (relative-pitch n2) 7) (pitch>= n1 n2))	(multiply-duration 1.0 (transpose-diatonic 1 n1))	(multiply-duration 0.5 (transpose-diatonic 1 n2))	(multiply-duration 0.5 (transpose-diatonic -1 n2))
TR	rel-pitch-1-to-rest	1	true	n1 n2	(and (duration>= (duration n1) 4) (not (rest? n1)) (= (note-category n1) C) (= (relative-pitch n1) 1) (duration>= (duration n2) 4) (rest? n2))	(multiply-duration 0.5 (make-rest n1))	(multiply-duration 0.5 (transpose-diatonic 1 n1))	n2
TR	rel-pitch-1-to-1	1	true	n1 n2	(and (duration>= (duration n1) 4) (not (rest? n1)) (= (note-category n1) C) (= (relative-pitch n1) 1) (duration>= (duration n2) 4) (not (rest? n2)) (= (note-category n2) C) (= (relative-pitch n2) 1) (pitch>= n1 n2))	(multiply-duration 0.5 (transpose-diatonic -1 n1))	(multiply-duration 0.5 (transpose-diatonic 2 n1))	(multiply-duration 0.5 (transpose-diatonic b2 n2))	(multiply-duration 0.5 (transpose-diatonic -1 n2))
TR	rel-pitch-1	1	true	n1	(and (duration>= (duration n1) 4) (not (rest? n1)) (= (note-category n1) C) (= (relative-pitch n1) 1))	(multiply-duration 0.3333333333333333 (transpose-diatonic b-2 n1))	(multiply-duration 0.3333333333333333 (transpose-diatonic 1 n1))	(multiply-duration 0.3333333333333333 (transpose-diatonic 3 n1))
TR	rel-pitch-1	1	true	n1	(and (duration>= (duration n1) 4) (not (rest? n1)) (= (note-category n1) C) (= (relative-pitch n1) 1))	(multiply-duration 0.5 (transpose-diatonic -1 n1))	(multiply-duration 0.5 (transpose-diatonic 1 n1))
TR	rel-pitch-1	1	true	n1	(and (duration>= (duration n1) 4) (not (rest? n1)) (= (note-category n1) C) (= (relative-pitch n1) 1))	(multiply-duration 1.0 (transpose-diatonic b2 n1))
TR	rel-pitch-1	2	true	n1	(and (duration>= (duration n1) 4) (not (rest? n1)) (= (note-category n1) C) (= (relative-pitch n1) 1))	(multiply-duration 1.0 (transpose-diatonic 1 n1))
TR	rel-pitch-1	2	true	n1	(and (duration>= (duration n1) 4) (not (rest? n1)) (= (note-category n1) C) (= (relative-pitch n1) 1))	(multiply-duration 0.5 (make-rest n1))	(multiply-duration 0.5 (transpose-diatonic 1 n1))
TR	rel-pitch-1	2	true	n1	(and (duration>= (duration n1) 4) (not (rest? n1)) (= (note-category n1) C) (= (relative-pitch n1) 1))	(multiply-duration 0.5 (transpose-diatonic 1 n1))	(multiply-duration 0.5 (transpose-diatonic -1 n1))
TR	rel-pitch-1	1	true	n1	(and (duration>= (duration n1) 4) (not (rest? n1)) (= (note-category n1) C) (= (relative-pitch n1) 1))	(multiply-duration 0.5 (transpose-diatonic b2 n1))	(multiply-duration 0.5 (transpose-diatonic -1 n1))
TR	rel-pitch-1	1	true	n1	(and (duration>= (duration n1) 4) (not (rest? n1)) (= (note-category n1) C) (= (relative-pitch n1) 1))	(multiply-duration 0.5 (transpose-diatonic -1 n1))	(multiply-duration 0.5 (transpose-diatonic 2 n1))
SUB	quarter-first-rel-pitch-7	motif	1	true
TR	rel-pitch-7-to-5	1	true	n1 n2	(and (duration>= (duration n1) 4) (not (rest? n1)) (= (note-category n1) C) (= (relative-pitch n1) 7) (duration>= (duration n2) 4) (not (rest? n2)) (= (note-category n2) C) (= (relative-pitch n2) 5) (pitch>= n1 n2))	(multiply-duration 0.5 (transpose-diatonic b-1 n1))	(multiply-duration 0.5 (transpose-diatonic #1 n1))	(multiply-duration 1.0 (transpose-diatonic 1 n2))
TR	rel-pitch-7-to-1	1	true	n1 n2	(and (duration>= (duration n1) 4) (not (rest? n1)) (= (note-category n1) C) (= (relative-pitch n1) 7) (duration>= (duration n2) 4) (not (rest? n2)) (= (note-category n2) C) (= (relative-pitch n2) 1) (pitch< n1 n2))	(multiply-duration 0.5 (transpose-diatonic 2 n1))	(multiply-duration 0.5 (transpose-diatonic -1 n1))	(multiply-duration 0.5 (transpose-diatonic -1 n2))	(multiply-duration 0.5 (transpose-diatonic 1 n2))
TR	rel-pitch-7-to-3	1	true	n1 n2	(and (duration>= (duration n1) 4) (not (rest? n1)) (= (note-category n1) C) (= (relative-pitch n1) 7) (duration>= (duration n2) 4) (not (rest? n2)) (= (note-category n2) C) (= (relative-pitch n2) 3) (pitch< n1 n2))	(multiply-duration 0.5 (transpose-diatonic 2 n1))	(multiply-duration 0.5 (transpose-diatonic 1 n1))	(multiply-duration 0.5 (make-rest n2))	(multiply-duration 0.5 (transpose-diatonic -1 n2))
TR	rel-pitch-7-to-3	1	true	n1 n2	(and (duration>= (duration n1) 4) (not (rest? n1)) (= (note-category n1) C) (= (relative-pitch n1) 7) (duration>= (duration n2) 4) (not (rest? n2)) (= (note-category n2) C) (= (relative-pitch n2) 3) (pitch< n1 n2))	(multiply-duration 0.5 (transpose-diatonic -1 n1))	(multiply-duration 0.5 (transpose-diatonic 2 n1))	(multiply-duration 0.5 (transpose-diatonic 1 n2))	(multiply-duration 0.5 (transpose-diatonic b3 n2))
TR	rel-pitch-7-to-3	1	true	n1 n2	(and (duration>= (duration n1) 4) (not (rest? n1)) (= (note-category n1) C) (= (relative-pitch n1) 7) (duration>= (duration n2) 4) (not (rest? n2)) (= (note-category n2) C) (= (relative-pitch n2) 3) (pitch>= n1 n2))	(multiply-duration 0.5 (transpose-diatonic 2 n1))	(multiply-duration 0.5 (transpose-diatonic -2 n1))	(multiply-duration 0.5 (transpose-diatonic 1 n2))	(multiply-duration 0.5 (transpose-diatonic 2 n2))
TR	rel-pitch-7	1	true	n1	(and (duration>= (duration n1) 4) (not (rest? n1)) (= (note-category n1) C) (= (relative-pitch n1) 7))	(multiply-duration 0.5 (transpose-diatonic b-1 n1))	(multiply-duration 0.5 (transpose-diatonic #1 n1))
TR	rel-pitch-7	1	true	n1	(and (duration>= (duration n1) 4) (not (rest? n1)) (= (note-category n1) C) (= (relative-pitch n1) 7))	(multiply-duration 0.5 (transpose-diatonic 2 n1))	(multiply-duration 0.5 (transpose-diatonic -1 n1))
TR	rel-pitch-7	1	true	n1	(and (duration>= (duration n1) 4) (not (rest? n1)) (= (note-category n1) C) (= (relative-pitch n1) 7))	(multiply-duration 0.5 (transpose-diatonic 1 n1))	(multiply-duration 0.5 (transpose-diatonic -1 n1))
TR	rel-pitch-7	1	true	n1	(and (duration>= (duration n1) 4) (not (rest? n1)) (= (note-category n1) C) (= (relative-pitch n1) 7))	(multiply-duration 0.5 (transpose-diatonic 2 n1))	(multiply-duration 0.5 (transpose-diatonic 1 n1))
TR	rel-pitch-7	1	true	n1	(and (duration>= (duration n1) 4) (not (rest? n1)) (= (note-category n1) C) (= (relative-pitch n1) 7))	(multiply-duration 0.5 (transpose-diatonic -1 n1))	(multiply-duration 0.5 (transpose-diatonic 2 n1))
TR	rel-pitch-7	1	true	n1	(and (duration>= (duration n1) 4) (not (rest? n1)) (= (note-category n1) C) (= (relative-pitch n1) 7))	(multiply-duration 0.5 (transpose-diatonic 2 n1))	(multiply-duration 0.5 (transpose-diatonic -2 n1))
SUB	quarter-first-rel-pitch-5	motif	1	true
TR	rel-pitch-5-to-1	1	true	n1 n2	(and (duration>= (duration n1) 4) (not (rest? n1)) (= (note-category n1) C) (= (relative-pitch n1) 5) (duration>= (duration n2) 4) (not (rest? n2)) (= (note-category n2) C) (= (relative-pitch n2) 1) (pitch< n1 n2))	(multiply-duration 0.5 (transpose-diatonic 3 n1))	(multiply-duration 0.5 (transpose-diatonic 1 n1))	(multiply-duration 0.3333333333333333 (transpose-diatonic b-2 n2))	(multiply-duration 0.3333333333333333 (transpose-diatonic 1 n2))	(multiply-duration 0.3333333333333333 (transpose-diatonic 3 n2))
TR	rel-pitch-5-to-5	1	true	n1 n2	(and (duration>= (duration n1) 4) (not (rest? n1)) (= (note-category n1) C) (= (relative-pitch n1) 5) (duration>= (duration n2) 4) (not (rest? n2)) (= (note-category n2) C) (= (relative-pitch n2) 5) (pitch>= n1 n2))	(multiply-duration 0.5 (make-rest n1))	(multiply-duration 0.5 (transpose-diatonic b2 n1))	(multiply-duration 0.5 (transpose-diatonic 1 n2))	(multiply-duration 0.5 (transpose-diatonic -1 n2))
TR	rel-pitch-5-to-3	1	true	n1 n2	(and (duration>= (duration n1) 4) (not (rest? n1)) (= (note-category n1) C) (= (relative-pitch n1) 5) (duration>= (duration n2) 4) (not (rest? n2)) (= (note-category n2) C) (= (relative-pitch n2) 3) (pitch>= n1 n2))	(multiply-duration 0.5 (make-rest n1))	(multiply-duration 0.25 (transpose-diatonic 1 n1))	(multiply-duration 0.25 (transpose-diatonic b1 n1))	(multiply-duration 0.5 (transpose-diatonic 2 n2))	(multiply-duration 0.5 (transpose-diatonic 1 n2))
TR	rel-pitch-5-to-5	1	true	n1 n2	(and (duration>= (duration n1) 4) (not (rest? n1)) (= (note-category n1) C) (= (relative-pitch n1) 5) (duration>= (duration n2) 4) (not (rest? n2)) (= (note-category n2) C) (= (relative-pitch n2) 5) (pitch>= n1 n2))	(multiply-duration 0.5 (transpose-diatonic #-1 n1))	(multiply-duration 0.5 (transpose-diatonic 2 n1))	(multiply-duration 0.3333333333333333 (transpose-diatonic #1 n2))	(multiply-duration 0.3333333333333333 (transpose-diatonic 1 n2))	(multiply-duration 0.3333333333333333 (transpose-diatonic #-1 n2))
TR	rel-pitch-5	1	true	n1	(and (duration>= (duration n1) 4) (not (rest? n1)) (= (note-category n1) C) (= (relative-pitch n1) 5))	(multiply-duration 0.5 (transpose-diatonic 1 n1))	(multiply-duration 0.5 (transpose-diatonic -1 n1))
TR	rel-pitch-5	1	true	n1	(and (duration>= (duration n1) 4) (not (rest? n1)) (= (note-category n1) C) (= (relative-pitch n1) 5))	(multiply-duration 0.5 (make-rest n1))	(multiply-duration 0.5 (transpose-diatonic b2 n1))
TR	rel-pitch-5	1	true	n1	(and (duration>= (duration n1) 4) (not (rest? n1)) (= (note-category n1) C) (= (relative-pitch n1) 5))	(multiply-duration 0.5 (make-rest n1))	(multiply-duration 0.25 (transpose-diatonic 1 n1))	(multiply-duration 0.25 (transpose-diatonic b1 n1))
TR	rel-pitch-5	2	true	n1	(and (duration>= (duration n1) 4) (not (rest? n1)) (= (note-category n1) C) (= (relative-pitch n1) 5))	(multiply-duration 0.5 (transpose-diatonic 3 n1))	(multiply-duration 0.5 (transpose-diatonic 1 n1))
TR	rel-pitch-5	1	true	n1	(and (duration>= (duration n1) 4) (not (rest? n1)) (= (note-category n1) C) (= (relative-pitch n1) 5))	(multiply-duration 0.3333333333333333 (transpose-diatonic #1 n1))	(multiply-duration 0.3333333333333333 (transpose-diatonic 1 n1))	(multiply-duration 0.3333333333333333 (transpose-diatonic #-1 n1))
TR	rel-pitch-5	1	true	n1	(and (duration>= (duration n1) 4) (not (rest? n1)) (= (note-category n1) C) (= (relative-pitch n1) 5))	(multiply-duration 0.5 (transpose-diatonic #-1 n1))	(multiply-duration 0.5 (transpose-diatonic 2 n1))
TR	rel-pitch-5	2	true	n1	(and (duration>= (duration n1) 4) (not (rest? n1)) (= (note-category n1) C) (= (relative-pitch n1) 5))	(multiply-duration 1.0 (transpose-diatonic 1 n1))
TR	rel-pitch-5	1	true	n1	(and (duration>= (duration n1) 4) (not (rest? n1)) (= (note-category n1) C) (= (relative-pitch n1) 5))	(multiply-duration 0.5 (transpose-diatonic -1 n1))	(multiply-duration 0.5 (transpose-diatonic 1 n1))
SUB	quarter-first-rel-pitch-rest	motif	1	true
TR	rel-pitch-rest-to-3	1	true	n1 n2	(and (duration>= (duration n1) 4) (rest? n1) (duration>= (duration n2) 4) (not (rest? n2)) (= (note-category n2) C) (= (relative-pitch n2) 3))	n1	(multiply-duration 0.5 (transpose-diatonic 1 n2))	(multiply-duration 0.5 (transpose-diatonic 3 n2))
TR	rel-pitch-rest-to-5	1	true	n1 n2	(and (duration>= (duration n1) 4) (rest? n1) (duration>= (duration n2) 4) (not (rest? n2)) (= (note-category n2) C) (= (relative-pitch n2) 5))	n1	(multiply-duration 1.0 (transpose-diatonic 1 n2))
TR	rel-pitch-rest-to-rest	40	true	n1 n2	(and (duration>= (duration n1) 4) (rest? n1) (duration>= (duration n2) 4) (rest? n2))	n1	n2
TR	rel-pitch-rest	84	true	n1	(and (duration>= (duration n1) 4) (rest? n1))	n1
SUB	eighth-first-rel-pitch-rest	motif	1	true
TR	rel-pitch-rest-to-5	1	true	n1 n2	(and (duration>= (duration n1) 8) (rest? n1) (duration>= (duration n2) 8) (not (rest? n2)) (= (note-category n2) C) (= (relative-pitch n2) 5))	n1	(multiply-duration 1.0 (transpose-diatonic b2 n2))
TR	rel-pitch-rest-to-5	1	true	n1 n2	(and (duration>= (duration n1) 8) (rest? n1) (duration>= (duration n2) 8) (not (rest? n2)) (= (note-category n2) C) (= (relative-pitch n2) 5))	n1	(multiply-duration 0.5 (transpose-diatonic 1 n2))	(multiply-duration 0.5 (transpose-diatonic b1 n2))
TR	rel-pitch-rest-to-3	2	true	n1 n2	(and (duration>= (duration n1) 8) (rest? n1) (duration>= (duration n2) 8) (not (rest? n2)) (= (note-category n2) C) (= (relative-pitch n2) 3))	n1	(multiply-duration 1.0 (transpose-diatonic -1 n2))
TR	rel-pitch-rest-to-rest	84	true	n1 n2	(and (duration>= (duration n1) 8) (rest? n1) (duration>= (duration n2) 8) (rest? n2))	n1	n2
TR	rel-pitch-rest-to-1	2	true	n1 n2	(and (duration>= (duration n1) 8) (rest? n1) (duration>= (duration n2) 8) (not (rest? n2)) (= (note-category n2) C) (= (relative-pitch n2) 1))	n1	(multiply-duration 1.0 (transpose-diatonic 1 n2))
TR	rel-pitch-rest-to-none	1	true	n1 n2	(and (duration>= (duration n1) 8) (rest? n1) (duration>= (duration n2) 8) (not (rest? n2)) (= (note-category n2) X) (= (relative-pitch n2) none))	n1	(multiply-duration 1.0 (transpose-chromatic 0.0 n2))
TR	rel-pitch-rest	175	true	n1	(and (duration>= (duration n1) 8) (rest? n1))	n1
SUB	eighth-first-rel-pitch-none	motif	1	true
TR	rel-pitch-none-to-none	1	true	n1 n2	(and (duration>= (duration n1) 8) (not (rest? n1)) (= (note-category n1) X) (= (relative-pitch n1) none) (duration>= (duration n2) 8) (not (rest? n2)) (= (note-category n2) X) (= (relative-pitch n2) none) (pitch>= n1 n2))	(multiply-duration 0.3333333333333333 (transpose-chromatic 0.0 n1))	(multiply-duration 0.3333333333333333 (transpose-chromatic 1.0 n1))	(multiply-duration 0.3333333333333333 (transpose-chromatic 0.0 n1))	(multiply-duration 1.0 (transpose-chromatic 0.0 n2))
TR	rel-pitch-none-to-none	1	true	n1 n2	(and (duration>= (duration n1) 8) (not (rest? n1)) (= (note-category n1) X) (= (relative-pitch n1) none) (duration>= (duration n2) 8) (not (rest? n2)) (= (note-category n2) X) (= (relative-pitch n2) none) (pitch>= n1 n2))	(multiply-duration 0.3333333333333333 (transpose-chromatic 0.0 n1))	(multiply-duration 0.3333333333333333 (transpose-chromatic 0.5 n1))	(multiply-duration 0.3333333333333333 (transpose-chromatic 0.0 n1))	(multiply-duration 1.0 (transpose-chromatic 0.0 n2))
TR	rel-pitch-none-to-none	2	true	n1 n2	(and (duration>= (duration n1) 8) (not (rest? n1)) (= (note-category n1) X) (= (relative-pitch n1) none) (duration>= (duration n2) 8) (not (rest? n2)) (= (note-category n2) X) (= (relative-pitch n2) none) (pitch< n1 n2))	(multiply-duration 1.0 (transpose-chromatic 0.0 n1))	(multiply-duration 1.0 (transpose-chromatic 0.0 n2))
TR	rel-pitch-none-to-none	11	true	n1 n2	(and (duration>= (duration n1) 8) (not (rest? n1)) (= (note-category n1) X) (= (relative-pitch n1) none) (duration>= (duration n2) 8) (not (rest? n2)) (= (note-category n2) X) (= (relative-pitch n2) none) (pitch>= n1 n2))	(multiply-duration 1.0 (transpose-chromatic 0.0 n1))	(multiply-duration 1.0 (transpose-chromatic 0.0 n2))
TR	rel-pitch-none	1	true	n1	(and (duration>= (duration n1) 8) (not (rest? n1)) (= (note-category n1) X) (= (relative-pitch n1) none))	(multiply-duration 0.3333333333333333 (transpose-chromatic 0.0 n1))	(multiply-duration 0.3333333333333333 (transpose-chromatic 1.0 n1))	(multiply-duration 0.3333333333333333 (transpose-chromatic 0.0 n1))
TR	rel-pitch-none	1	true	n1	(and (duration>= (duration n1) 8) (not (rest? n1)) (= (note-category n1) X) (= (relative-pitch n1) none))	(multiply-duration 0.3333333333333333 (transpose-chromatic 0.0 n1))	(multiply-duration 0.3333333333333333 (transpose-chromatic 0.5 n1))	(multiply-duration 0.3333333333333333 (transpose-chromatic 0.0 n1))
TR	rel-pitch-none	29	true	n1	(and (duration>= (duration n1) 8) (not (rest? n1)) (= (note-category n1) X) (= (relative-pitch n1) none))	(multiply-duration 1.0 (transpose-chromatic 0.0 n1))
SUB	eighth-first-rel-pitch-3	motif	1	true
TR	rel-pitch-3-to-3	1	true	n1 n2	(and (duration>= (duration n1) 8) (not (rest? n1)) (= (note-category n1) C) (= (relative-pitch n1) 3) (duration>= (duration n2) 8) (not (rest? n2)) (= (note-category n2) C) (= (relative-pitch n2) 3) (pitch>= n1 n2))	(multiply-duration 1.0 (transpose-diatonic 2 n1))	(multiply-duration 1.0 (transpose-diatonic b1 n2))
TR	rel-pitch-3-to-5	1	true	n1 n2	(and (duration>= (duration n1) 8) (not (rest? n1)) (= (note-category n1) C) (= (relative-pitch n1) 3) (duration>= (duration n2) 8) (not (rest? n2)) (= (note-category n2) C) (= (relative-pitch n2) 5) (pitch< n1 n2))	(multiply-duration 1.0 (transpose-diatonic 1 n1))	(multiply-duration 1.0 (transpose-diatonic 1 n2))
TR	rel-pitch-3-to-3	2	true	n1 n2	(and (duration>= (duration n1) 8) (not (rest? n1)) (= (note-category n1) C) (= (relative-pitch n1) 3) (duration>= (duration n2) 8) (not (rest? n2)) (= (note-category n2) C) (= (relative-pitch n2) 3) (pitch>= n1 n2))	(multiply-duration 1.0 (transpose-diatonic 1 n1))	(multiply-duration 1.0 (transpose-diatonic -1 n2))
TR	rel-pitch-3-to-5	2	true	n1 n2	(and (duration>= (duration n1) 8) (not (rest? n1)) (= (note-category n1) C) (= (relative-pitch n1) 3) (duration>= (duration n2) 8) (not (rest? n2)) (= (note-category n2) C) (= (relative-pitch n2) 5) (pitch< n1 n2))	(multiply-duration 1.0 (transpose-diatonic 1 n1))	(multiply-duration 1.0 (transpose-diatonic b1 n2))
TR	rel-pitch-3-to-3	1	true	n1 n2	(and (duration>= (duration n1) 8) (not (rest? n1)) (= (note-category n1) C) (= (relative-pitch n1) 3) (duration>= (duration n2) 8) (not (rest? n2)) (= (note-category n2) C) (= (relative-pitch n2) 3) (pitch>= n1 n2))	(multiply-duration 0.5 (transpose-diatonic 1 n1))	(multiply-duration 0.5 (transpose-diatonic 2 n1))	(multiply-duration 0.5 (transpose-diatonic 1 n2))	(multiply-duration 0.5 (transpose-diatonic b-1 n2))
TR	rel-pitch-3-to-5	1	true	n1 n2	(and (duration>= (duration n1) 8) (not (rest? n1)) (= (note-category n1) C) (= (relative-pitch n1) 3) (duration>= (duration n2) 8) (not (rest? n2)) (= (note-category n2) C) (= (relative-pitch n2) 5) (pitch< n1 n2))	(multiply-duration 1.0 (transpose-diatonic 2 n1))	(multiply-duration 1.0 (transpose-diatonic 1 n2))
TR	rel-pitch-3-to-3	1	true	n1 n2	(and (duration>= (duration n1) 8) (not (rest? n1)) (= (note-category n1) C) (= (relative-pitch n1) 3) (duration>= (duration n2) 8) (not (rest? n2)) (= (note-category n2) C) (= (relative-pitch n2) 3) (pitch>= n1 n2))	(multiply-duration 1.0 (transpose-diatonic 1 n1))	(multiply-duration 1.0 (transpose-diatonic 2 n2))
TR	rel-pitch-3-to-3	2	true	n1 n2	(and (duration>= (duration n1) 8) (not (rest? n1)) (= (note-category n1) C) (= (relative-pitch n1) 3) (duration>= (duration n2) 8) (not (rest? n2)) (= (note-category n2) C) (= (relative-pitch n2) 3) (pitch>= n1 n2))	(multiply-duration 1.0 (transpose-diatonic -1 n1))	(multiply-duration 1.0 (transpose-diatonic -1 n2))
TR	rel-pitch-3	1	true	n1	(and (duration>= (duration n1) 8) (not (rest? n1)) (= (note-category n1) C) (= (relative-pitch n1) 3))	(multiply-duration 1.0 (transpose-diatonic b1 n1))
TR	rel-pitch-3	1	true	n1	(and (duration>= (duration n1) 8) (not (rest? n1)) (= (note-category n1) C) (= (relative-pitch n1) 3))	(multiply-duration 0.5 (transpose-diatonic 1 n1))	(multiply-duration 0.5 (transpose-diatonic b-1 n1))
TR	rel-pitch-3	1	true	n1	(and (duration>= (duration n1) 8) (not (rest? n1)) (= (note-category n1) C) (= (relative-pitch n1) 3))	(multiply-duration 0.5 (transpose-diatonic 1 n1))	(multiply-duration 0.5 (transpose-diatonic 2 n1))
TR	rel-pitch-3	3	true	n1	(and (duration>= (duration n1) 8) (not (rest? n1)) (= (note-category n1) C) (= (relative-pitch n1) 3))	(multiply-duration 1.0 (transpose-diatonic 2 n1))
TR	rel-pitch-3	8	true	n1	(and (duration>= (duration n1) 8) (not (rest? n1)) (= (note-category n1) C) (= (relative-pitch n1) 3))	(multiply-duration 1.0 (transpose-diatonic 1 n1))
TR	rel-pitch-3	10	true	n1	(and (duration>= (duration n1) 8) (not (rest? n1)) (= (note-category n1) C) (= (relative-pitch n1) 3))	(multiply-duration 1.0 (transpose-diatonic -1 n1))
SUB	eighth-first-rel-pitch-1	motif	1	true
TR	rel-pitch-1-to-7	1	true	n1 n2	(and (duration>= (duration n1) 8) (not (rest? n1)) (= (note-category n1) C) (= (relative-pitch n1) 1) (duration>= (duration n2) 8) (not (rest? n2)) (= (note-category n2) C) (= (relative-pitch n2) 7) (pitch>= n1 n2))	(multiply-duration 1.0 (transpose-diatonic 1 n1))	(multiply-duration 1.0 (transpose-diatonic -1 n2))
TR	rel-pitch-1-to-1	1	true	n1 n2	(and (duration>= (duration n1) 8) (not (rest? n1)) (= (note-category n1) C) (= (relative-pitch n1) 1) (duration>= (duration n2) 8) (not (rest? n2)) (= (note-category n2) C) (= (relative-pitch n2) 1) (pitch>= n1 n2))	(multiply-duration 1.0 (transpose-diatonic b2 n1))	(multiply-duration 1.0 (transpose-diatonic b2 n2))
TR	rel-pitch-1-to-1	2	true	n1 n2	(and (duration>= (duration n1) 8) (not (rest? n1)) (= (note-category n1) C) (= (relative-pitch n1) 1) (duration>= (duration n2) 8) (not (rest? n2)) (= (note-category n2) C) (= (relative-pitch n2) 1) (pitch>= n1 n2))	(multiply-duration 1.0 (transpose-diatonic 1 n1))	(multiply-duration 1.0 (transpose-diatonic 1 n2))
TR	rel-pitch-1-to-7	3	true	n1 n2	(and (duration>= (duration n1) 8) (not (rest? n1)) (= (note-category n1) C) (= (relative-pitch n1) 1) (duration>= (duration n2) 8) (not (rest? n2)) (= (note-category n2) C) (= (relative-pitch n2) 7) (pitch>= n1 n2))	(multiply-duration 1.0 (transpose-diatonic 1 n1))	(multiply-duration 1.0 (transpose-diatonic 1 n2))
TR	rel-pitch-1-to-5	1	true	n1 n2	(and (duration>= (duration n1) 8) (not (rest? n1)) (= (note-category n1) C) (= (relative-pitch n1) 1) (duration>= (duration n2) 8) (not (rest? n2)) (= (note-category n2) C) (= (relative-pitch n2) 5) (pitch>= n1 n2))	(multiply-duration 1.0 (transpose-diatonic 1 n1))	(multiply-duration 1.0 (transpose-diatonic 1 n2))
TR	rel-pitch-1-to-7	1	true	n1 n2	(and (duration>= (duration n1) 8) (not (rest? n1)) (= (note-category n1) C) (= (relative-pitch n1) 1) (duration>= (duration n2) 8) (not (rest? n2)) (= (note-category n2) C) (= (relative-pitch n2) 7) (pitch>= n1 n2))	(multiply-duration 1.0 (transpose-diatonic b2 n1))	(multiply-duration 1.0 (transpose-diatonic 1 n2))
TR	rel-pitch-1-to-5	1	true	n1 n2	(and (duration>= (duration n1) 8) (not (rest? n1)) (= (note-category n1) C) (= (relative-pitch n1) 1) (duration>= (duration n2) 8) (not (rest? n2)) (= (note-category n2) C) (= (relative-pitch n2) 5) (pitch< n1 n2))	(multiply-duration 1.0 (transpose-diatonic 1 n1))	(multiply-duration 1.0 (transpose-diatonic 1 n2))
TR	rel-pitch-1	1	true	n1	(and (duration>= (duration n1) 8) (not (rest? n1)) (= (note-category n1) C) (= (relative-pitch n1) 1))	(multiply-duration 1.0 (transpose-diatonic #-1 n1))
TR	rel-pitch-1	1	true	n1	(and (duration>= (duration n1) 8) (not (rest? n1)) (= (note-category n1) C) (= (relative-pitch n1) 1))	(multiply-duration 0.3333333333333333 (transpose-diatonic 1 n1))	(multiply-duration 0.6666666666666666 (transpose-diatonic 3 n1))
TR	rel-pitch-1	3	true	n1	(and (duration>= (duration n1) 8) (not (rest? n1)) (= (note-category n1) C) (= (relative-pitch n1) 1))	(multiply-duration 1.0 (transpose-diatonic b2 n1))
TR	rel-pitch-1	15	true	n1	(and (duration>= (duration n1) 8) (not (rest? n1)) (= (note-category n1) C) (= (relative-pitch n1) 1))	(multiply-duration 1.0 (transpose-diatonic 1 n1))
SUB	eighth-first-rel-pitch-5	motif	1	true
TR	rel-pitch-5-to-1	1	true	n1 n2	(and (duration>= (duration n1) 8) (not (rest? n1)) (= (note-category n1) C) (= (relative-pitch n1) 5) (duration>= (duration n2) 8) (not (rest? n2)) (= (note-category n2) C) (= (relative-pitch n2) 1) (pitch< n1 n2))	(multiply-duration 1.0 (transpose-diatonic b2 n1))	(multiply-duration 1.0 (transpose-diatonic #-1 n2))
TR	rel-pitch-5-to-5	1	true	n1 n2	(and (duration>= (duration n1) 8) (not (rest? n1)) (= (note-category n1) C) (= (relative-pitch n1) 5) (duration>= (duration n2) 8) (not (rest? n2)) (= (note-category n2) C) (= (relative-pitch n2) 5) (pitch>= n1 n2))	(multiply-duration 1.0 (transpose-diatonic 1 n1))	(multiply-duration 1.0 (transpose-diatonic -1 n2))
TR	rel-pitch-5-to-3	1	true	n1 n2	(and (duration>= (duration n1) 8) (not (rest? n1)) (= (note-category n1) C) (= (relative-pitch n1) 5) (duration>= (duration n2) 8) (not (rest? n2)) (= (note-category n2) C) (= (relative-pitch n2) 3) (pitch>= n1 n2))	(multiply-duration 1.0 (transpose-diatonic -1 n1))	(multiply-duration 1.0 (transpose-diatonic 1 n2))
TR	rel-pitch-5-to-3	1	true	n1 n2	(and (duration>= (duration n1) 8) (not (rest? n1)) (= (note-category n1) C) (= (relative-pitch n1) 5) (duration>= (duration n2) 8) (not (rest? n2)) (= (note-category n2) C) (= (relative-pitch n2) 3) (pitch>= n1 n2))	(multiply-duration 1.0 (transpose-diatonic #-1 n1))	(multiply-duration 1.0 (transpose-diatonic -1 n2))
TR	rel-pitch-5-to-5	1	true	n1 n2	(and (duration>= (duration n1) 8) (not (rest? n1)) (= (note-category n1) C) (= (relative-pitch n1) 5) (duration>= (duration n2) 8) (not (rest? n2)) (= (note-category n2) C) (= (relative-pitch n2) 5) (pitch>= n1 n2))	(multiply-duration 0.6666666666666666 (transpose-diatonic #1 n1))	(multiply-duration 0.3333333333333333 (transpose-diatonic 1 n1))	(multiply-duration 0.3333333333333333 (transpose-diatonic 1 n2))	(multiply-duration 0.6666666666666666 (transpose-diatonic #-1 n2))
TR	rel-pitch-5-to-7	1	true	n1 n2	(and (duration>= (duration n1) 8) (not (rest? n1)) (= (note-category n1) C) (= (relative-pitch n1) 5) (duration>= (duration n2) 8) (not (rest? n2)) (= (note-category n2) C) (= (relative-pitch n2) 7) (pitch< n1 n2))	(multiply-duration 1.0 (transpose-diatonic #-1 n1))	(multiply-duration 1.0 (transpose-diatonic -1 n2))
TR	rel-pitch-5-to-5	2	true	n1 n2	(and (duration>= (duration n1) 8) (not (rest? n1)) (= (note-category n1) C) (= (relative-pitch n1) 5) (duration>= (duration n2) 8) (not (rest? n2)) (= (note-category n2) C) (= (relative-pitch n2) 5) (pitch>= n1 n2))	(multiply-duration 1.0 (transpose-diatonic 1 n1))	(multiply-duration 1.0 (transpose-diatonic 1 n2))
TR	rel-pitch-5-to-3	1	true	n1 n2	(and (duration>= (duration n1) 8) (not (rest? n1)) (= (note-category n1) C) (= (relative-pitch n1) 5) (duration>= (duration n2) 8) (not (rest? n2)) (= (note-category n2) C) (= (relative-pitch n2) 3) (pitch>= n1 n2))	(multiply-duration 1.0 (transpose-diatonic 1 n1))	(multiply-duration 1.0 (transpose-diatonic 1 n2))
TR	rel-pitch-5	2	true	n1	(and (duration>= (duration n1) 8) (not (rest? n1)) (= (note-category n1) C) (= (relative-pitch n1) 5))	(multiply-duration 1.0 (transpose-diatonic b2 n1))
TR	rel-pitch-5	2	true	n1	(and (duration>= (duration n1) 8) (not (rest? n1)) (= (note-category n1) C) (= (relative-pitch n1) 5))	(multiply-duration 1.0 (transpose-diatonic -1 n1))
TR	rel-pitch-5	1	true	n1	(and (duration>= (duration n1) 8) (not (rest? n1)) (= (note-category n1) C) (= (relative-pitch n1) 5))	(multiply-duration 0.5 (transpose-diatonic 1 n1))	(multiply-duration 0.5 (transpose-diatonic b1 n1))
TR	rel-pitch-5	1	true	n1	(and (duration>= (duration n1) 8) (not (rest? n1)) (= (note-category n1) C) (= (relative-pitch n1) 5))	(multiply-duration 0.3333333333333333 (transpose-diatonic 1 n1))	(multiply-duration 0.6666666666666666 (transpose-diatonic #-1 n1))
TR	rel-pitch-5	1	true	n1	(and (duration>= (duration n1) 8) (not (rest? n1)) (= (note-category n1) C) (= (relative-pitch n1) 5))	(multiply-duration 0.6666666666666666 (transpose-diatonic #1 n1))	(multiply-duration 0.3333333333333333 (transpose-diatonic 1 n1))
TR	rel-pitch-5	2	true	n1	(and (duration>= (duration n1) 8) (not (rest? n1)) (= (note-category n1) C) (= (relative-pitch n1) 5))	(multiply-duration 1.0 (transpose-diatonic #-1 n1))
TR	rel-pitch-5	2	true	n1	(and (duration>= (duration n1) 8) (not (rest? n1)) (= (note-category n1) C) (= (relative-pitch n1) 5))	(multiply-duration 1.0 (transpose-diatonic b1 n1))
TR	rel-pitch-5	12	true	n1	(and (duration>= (duration n1) 8) (not (rest? n1)) (= (note-category n1) C) (= (relative-pitch n1) 5))	(multiply-duration 1.0 (transpose-diatonic 1 n1))
SUB	eighth-first-rel-pitch-7	motif	1	true
TR	rel-pitch-7-to-1	1	true	n1 n2	(and (duration>= (duration n1) 8) (not (rest? n1)) (= (note-category n1) C) (= (relative-pitch n1) 7) (duration>= (duration n2) 8) (not (rest? n2)) (= (note-category n2) C) (= (relative-pitch n2) 1) (pitch< n1 n2))	(multiply-duration 0.6666666666666666 (transpose-diatonic b-1 n1))	(multiply-duration 0.3333333333333333 (transpose-diatonic 2 n1))	(multiply-duration 0.3333333333333333 (transpose-diatonic 1 n2))	(multiply-duration 0.6666666666666666 (transpose-diatonic 3 n2))
TR	rel-pitch-7-to-1	1	true	n1 n2	(and (duration>= (duration n1) 8) (not (rest? n1)) (= (note-category n1) C) (= (relative-pitch n1) 7) (duration>= (duration n2) 8) (not (rest? n2)) (= (note-category n2) C) (= (relative-pitch n2) 1) (pitch< n1 n2))	(multiply-duration 1.0 (transpose-diatonic 1 n1))	(multiply-duration 1.0 (transpose-diatonic 1 n2))
TR	rel-pitch-7-to-5	2	true	n1 n2	(and (duration>= (duration n1) 8) (not (rest? n1)) (= (note-category n1) C) (= (relative-pitch n1) 7) (duration>= (duration n2) 8) (not (rest? n2)) (= (note-category n2) C) (= (relative-pitch n2) 5) (pitch>= n1 n2))	(multiply-duration 1.0 (transpose-diatonic 1 n1))	(multiply-duration 1.0 (transpose-diatonic 1 n2))
TR	rel-pitch-7-to-1	1	true	n1 n2	(and (duration>= (duration n1) 8) (not (rest? n1)) (= (note-category n1) C) (= (relative-pitch n1) 7) (duration>= (duration n2) 8) (not (rest? n2)) (= (note-category n2) C) (= (relative-pitch n2) 1) (pitch>= n1 n2))	(multiply-duration 1.0 (transpose-diatonic -1 n1))	(multiply-duration 1.0 (transpose-diatonic 1 n2))
TR	rel-pitch-7-to-7	1	true	n1 n2	(and (duration>= (duration n1) 8) (not (rest? n1)) (= (note-category n1) C) (= (relative-pitch n1) 7) (duration>= (duration n2) 8) (not (rest? n2)) (= (note-category n2) C) (= (relative-pitch n2) 7) (pitch>= n1 n2))	(multiply-duration 1.0 (transpose-diatonic 1 n1))	(multiply-duration 1.0 (transpose-diatonic -1 n2))
TR	rel-pitch-7-to-1	1	true	n1 n2	(and (duration>= (duration n1) 8) (not (rest? n1)) (= (note-category n1) C) (= (relative-pitch n1) 7) (duration>= (duration n2) 8) (not (rest? n2)) (= (note-category n2) C) (= (relative-pitch n2) 1) (pitch< n1 n2))	(multiply-duration 1.0 (transpose-diatonic -1 n1))	(multiply-duration 1.0 (transpose-diatonic 1 n2))
TR	rel-pitch-7-to-3	1	true	n1 n2	(and (duration>= (duration n1) 8) (not (rest? n1)) (= (note-category n1) C) (= (relative-pitch n1) 7) (duration>= (duration n2) 8) (not (rest? n2)) (= (note-category n2) C) (= (relative-pitch n2) 3) (pitch< n1 n2))	(multiply-duration 1.0 (transpose-diatonic 1 n1))	(multiply-duration 1.0 (transpose-diatonic -1 n2))
TR	rel-pitch-7	1	true	n1	(and (duration>= (duration n1) 8) (not (rest? n1)) (= (note-category n1) C) (= (relative-pitch n1) 7))	(multiply-duration 0.6666666666666666 (transpose-diatonic b-1 n1))	(multiply-duration 0.3333333333333333 (transpose-diatonic 2 n1))
TR	rel-pitch-7	5	true	n1	(and (duration>= (duration n1) 8) (not (rest? n1)) (= (note-category n1) C) (= (relative-pitch n1) 7))	(multiply-duration 1.0 (transpose-diatonic -1 n1))
TR	rel-pitch-7	9	true	n1	(and (duration>= (duration n1) 8) (not (rest? n1)) (= (note-category n1) C) (= (relative-pitch n1) 7))	(multiply-duration 1.0 (transpose-diatonic 1 n1))
